images,movie_time,rating,date,url,item_url,des,title,server,main_url,location,inq,spider,comment,project
,1994,9.6,2017-03-05 14:29:36.466436,https://movie.douban.com/subject/1292052/,,导演: 弗兰克·德拉邦特 Frank Darabont   主演: 蒂姆·罗宾斯 Tim Robbins /... 1994 / 美国 / 犯罪 剧情  ,肖申克的救赎 /The Shawshank Redemption,rMBP.lan,https://movie.douban.com/top250,,希望让人自由。,doubantop250,795457,apple
,1994,9.4,2017-03-05 14:29:36.471342,https://movie.douban.com/subject/1295644/,,导演: 吕克·贝松 Luc Besson   主演: 让·雷诺 Jean Reno / 娜塔丽·波特曼 ... 1994 / 法国 / 剧情 动作 犯罪  ,这个杀手不太冷 /Léon,rMBP.lan,https://movie.douban.com/top250,,怪蜀黍和小萝莉不得不说的故事。,doubantop250,763777,apple
,1993,9.5,2017-03-05 14:29:36.474474,https://movie.douban.com/subject/1291546/,,导演: 陈凯歌 Kaige Chen   主演: 张国荣 Leslie Cheung / 张丰毅 Fengyi Zha... 1993 / 中国大陆 香港 / 剧情 爱情 同性  ,霸王别姬,rMBP.lan,https://movie.douban.com/top250,,风华绝代。,doubantop250,561362,apple
,1994,9.4,2017-03-05 14:29:36.477604,https://movie.douban.com/subject/1292720/,,导演: Robert Zemeckis   主演: Tom Hanks / Robin Wright Penn / Gary Sinise 1994 / 美国 / 剧情 爱情  ,阿甘正传 /Forrest Gump,rMBP.lan,https://movie.douban.com/top250,,一部美国近现代史。,doubantop250,657756,apple
,1997,9.5,2017-03-05 14:29:36.480866,https://movie.douban.com/subject/1292063/,,导演: 罗伯托·贝尼尼 Roberto Benigni   主演: 罗伯托·贝尼尼 Roberto Beni... 1997 / 意大利 / 剧情 喜剧 爱情 战争  ,美丽人生 /La vita è bella,rMBP.lan,https://movie.douban.com/top250,,最美的谎言。,doubantop250,379769,apple
,2001,9.2,2017-03-05 14:29:36.484167,https://movie.douban.com/subject/1291561/,,导演: 宫崎骏 Hayao Miyazaki   主演: 柊瑠美 Rumi Hîragi / 入野自由 Miy... 2001 / 日本 / 剧情 动画 奇幻  ,千与千寻 /千と千尋の神隠し,rMBP.lan,https://movie.douban.com/top250,,最好的宫崎骏，最好的久石让。 ,doubantop250,609837,apple
,1993,9.4,2017-03-05 14:29:36.487581,https://movie.douban.com/subject/1295124/,,导演: 史蒂文·斯皮尔伯格 Steven Spielberg   主演: 连姆·尼森 Liam Neeson... 1993 / 美国 / 剧情 历史 战争  ,辛德勒的名单 /Schindler's List,rMBP.lan,https://movie.douban.com/top250,,拯救一个人，就是拯救整个世界。,doubantop250,352042,apple
,1997,9.2,2017-03-05 14:29:36.490899,https://movie.douban.com/subject/1292722/,,导演: 詹姆斯·卡梅隆 James Cameron   主演: 莱昂纳多·迪卡普里奥 Leonardo... 1997 / 美国 / 剧情 爱情 灾难  ,泰坦尼克号 /Titanic,rMBP.lan,https://movie.douban.com/top250,,失去的才是永恒的。 ,doubantop250,604769,apple
,2010,9.2,2017-03-05 14:29:36.496021,https://movie.douban.com/subject/3541415/,,导演: 克里斯托弗·诺兰 Christopher Nolan   主演: 莱昂纳多·迪卡普里奥 Le... 2010 / 美国 英国 / 剧情 动作 科幻 悬疑 冒险  ,盗梦空间 /Inception,rMBP.lan,https://movie.douban.com/top250,,诺兰给了我们一场无法盗取的梦。,doubantop250,713658,apple
,2008,9.3,2017-03-05 14:29:36.502064,https://movie.douban.com/subject/2131459/,,导演: 安德鲁·斯坦顿 Andrew Stanton   主演: 本·贝尔特 Ben Burtt / 艾丽... 2008 / 美国 / 喜剧 爱情 科幻 动画 冒险  ,机器人总动员 /WALL·E,rMBP.lan,https://movie.douban.com/top250,,小瓦力，大人生。,doubantop250,468773,apple
,1998,9.2,2017-03-05 14:29:36.506055,https://movie.douban.com/subject/1292001/,,导演: 朱塞佩·托纳多雷 Giuseppe Tornatore   主演: 蒂姆·罗斯 Tim Roth / ... 1998 / 意大利 / 剧情 音乐  ,海上钢琴师 /La leggenda del pianista sull'oceano,rMBP.lan,https://movie.douban.com/top250,,每个人都要走一条自己坚定了的路，就算是粉身碎骨。 ,doubantop250,561342,apple
,2009,9.1,2017-03-05 14:29:36.509387,https://movie.douban.com/subject/3793023/,,导演: 拉库马·希拉尼 Rajkumar Hirani   主演: 阿米尔·汗 Aamir Khan / 卡... 2009 / 印度 / 剧情 喜剧 爱情 歌舞  ,三傻大闹宝莱坞 /3 Idiots,rMBP.lan,https://movie.douban.com/top250,,英俊版憨豆，高情商版谢耳朵。,doubantop250,618588,apple
,2009,9.2,2017-03-05 14:29:36.512882,https://movie.douban.com/subject/3011091/,,导演: 莱塞·霍尔斯道姆 Lasse Hallström   主演: 理查·基尔 Richard Ger... 2009 / 美国 英国 / 剧情  ,忠犬八公的故事 /Hachi: A Dog's Tale,rMBP.lan,https://movie.douban.com/top250,,永远都不能忘记你所爱的人。,doubantop250,411312,apple
,2004,9.2,2017-03-05 14:29:36.516682,https://movie.douban.com/subject/1291549/,,导演: 克里斯托夫·巴拉蒂 Christophe Barratier   主演: 杰拉尔·朱诺 Géra... 2004 / 法国 瑞士 德国 / 剧情 音乐  ,放牛班的春天 /Les choristes,rMBP.lan,https://movie.douban.com/top250,,天籁一般的童声，是最接近上帝的存在。 ,doubantop250,418617,apple
,1995,9.1,2017-03-05 14:29:36.521084,https://movie.douban.com/subject/1292213/,,导演: 刘镇伟 Jeffrey Lau   主演: 周星驰 Stephen Chow / 吴孟达 Man Tat Ng... 1995 / 香港 中国大陆 / 动作 冒险 喜剧 奇幻 爱情  ,大话西游之大圣娶亲 /西遊記大結局之仙履奇緣,rMBP.lan,https://movie.douban.com/top250,,一生所爱。,doubantop250,425755,apple
,1972,9.2,2017-03-05 14:29:36.525373,https://movie.douban.com/subject/1291841/,,导演: 弗朗西斯·福特·科波拉 Francis Ford Coppola   主演: 马龙·白兰度 M... 1972 / 美国 / 剧情 犯罪  ,教父 /The Godfather,rMBP.lan,https://movie.douban.com/top250,,千万不要记恨你的对手，这样会让你失去理智。,doubantop250,319785,apple
,1988,9.1,2017-03-05 14:29:36.529129,https://movie.douban.com/subject/1291560/,,导演: 宫崎骏 Hayao Miyazaki   主演: 日高法子 Noriko Hidaka / 坂本千夏 Ch... 1988 / 日本 / 动画 奇幻  ,龙猫 /となりのトトロ,rMBP.lan,https://movie.douban.com/top250,,人人心中都有个龙猫，童年就永远不会消失。,doubantop250,389359,apple
,1939,9.2,2017-03-05 14:29:36.533665,https://movie.douban.com/subject/1300267/,,导演: Victor Fleming / George Cukor   主演: 克拉克·盖博 Clark Gable / ... 1939 / 美国 / 剧情 爱情 战争  ,乱世佳人 /Gone with the Wind,rMBP.lan,https://movie.douban.com/top250,,Tomorrow is another day.,doubantop250,252384,apple
,1998,9.0,2017-03-05 14:29:36.537843,https://movie.douban.com/subject/1292064/,,导演: 彼得·威尔 Peter Weir   主演: 金·凯瑞 Jim Carrey / 劳拉·琳妮 Lau... 1998 / 美国 / 剧情 科幻  ,楚门的世界 /The Truman Show,rMBP.lan,https://movie.douban.com/top250,,如果再也不能见到你，祝你早安，午安，晚安。,doubantop250,411471,apple
,1988,9.1,2017-03-05 14:29:36.541731,https://movie.douban.com/subject/1291828/,,导演: 朱塞佩·托纳多雷 Giuseppe Tornatore   主演: 安东娜拉·塔莉 Antonel... 1988 / 意大利 法国 / 剧情 爱情  ,天堂电影院 /Nuovo Cinema Paradiso,rMBP.lan,https://movie.douban.com/top250,,那些吻戏，那些青春，都在影院的黑暗里被泪水冲刷得无比清晰。,doubantop250,290118,apple
,2006,8.9,2017-03-05 14:29:36.547353,https://movie.douban.com/subject/1849031/,,导演: 加布里尔·穆奇诺 Gabriele Muccino   主演: 威尔·史密斯 Will Smith ... 2006 / 美国 / 剧情 传记 家庭  ,当幸福来敲门 /The Pursuit of Happyness,rMBP.lan,https://movie.douban.com/top250,,平民励志片。 ,doubantop250,502777,apple
,2011,9.1,2017-03-05 14:29:36.552419,https://movie.douban.com/subject/6786002/,,导演: 奥利维·那卡什 Olivier Nakache / 艾力克·托兰达 Eric Toledano   主... 2011 / 法国 / 剧情 喜剧  ,触不可及 /Intouchables,rMBP.lan,https://movie.douban.com/top250,,满满温情的高雅喜剧。,doubantop250,338981,apple
,1999,9.0,2017-03-05 14:29:36.563995,https://movie.douban.com/subject/1292000/,,导演: 大卫·芬奇 David Fincher   主演: 爱德华·诺顿 Edward Norton / 布拉... 1999 / 美国 德国 / 剧情 动作 悬疑 惊悚  ,搏击俱乐部 /Fight Club,rMBP.lan,https://movie.douban.com/top250,,邪恶与平庸蛰伏于同一个母体，在特定的时间互相对峙。,doubantop250,382710,apple
,1957,9.3,2017-03-05 14:29:36.571426,https://movie.douban.com/subject/1293182/,,导演: Sidney Lumet   主演: 亨利·方达 Henry Fonda / 马丁·鲍尔萨姆 Marti... 1957 / 美国 / 剧情  ,十二怒汉 /12 Angry Men,rMBP.lan,https://movie.douban.com/top250,,1957年的理想主义。 ,doubantop250,157196,apple
,2003,9.1,2017-03-05 14:29:36.575192,https://movie.douban.com/subject/1291552/,,导演: 彼得·杰克逊 Peter Jackson   主演: 维果·莫腾森 Viggo Mortensen / ... 2003 / 美国 新西兰 / 剧情 动作 奇幻 冒险  ,指环王3：王者无敌 /The Lord of the Rings: The Return of the King,rMBP.lan,https://movie.douban.com/top250,,史诗的终章。,doubantop250,267675,apple
,2002,9.0,2017-03-05 14:29:36.868204,https://movie.douban.com/subject/1307914/,,导演: 刘伟强 / 麦兆辉   主演: 刘德华 / 梁朝伟 / 黄秋生 2002 / 香港 / 犯罪 悬疑 惊悚  ,无间道 /無間道,rMBP.lan,https://movie.douban.com/top250?start=25&filter=,,香港电影史上永不过时的杰作。,doubantop250,366046,apple
,2010,8.9,2017-03-05 14:29:36.872002,https://movie.douban.com/subject/3319755/,,导演: 罗伯·莱纳 Rob Reiner   主演: 玛德琳·卡罗尔 Madeline Carroll / 卡... 2010 / 美国 / 剧情 喜剧 爱情  ,怦然心动 /Flipped,rMBP.lan,https://movie.douban.com/top250?start=25&filter=,,真正的幸福是来自内心深处。,doubantop250,497406,apple
,2011,9.2,2017-03-05 14:29:36.875365,https://movie.douban.com/subject/5912992/,,导演: 黄东赫 Dong-hyuk Hwang   主演: 孔侑 Yoo Gong / 郑有美 Yu-mi Jeong ... 2011 / 韩国 / 剧情  ,熔炉 /도가니,rMBP.lan,https://movie.douban.com/top250?start=25&filter=,,我们一路奋战不是为了改变世界，而是为了不让世界改变我们。,doubantop250,217631,apple
,1953,8.9,2017-03-05 14:29:36.879195,https://movie.douban.com/subject/1293839/,,导演: 威廉·惠勒 William Wyler   主演: 奥黛丽·赫本 Audrey Hepburn / 格... 1953 / 美国 / 喜剧 剧情 爱情  ,罗马假日 /Roman Holiday,rMBP.lan,https://movie.douban.com/top250?start=25&filter=,,爱情哪怕只有一天。,doubantop250,359672,apple
,1986,9.0,2017-03-05 14:29:36.884157,https://movie.douban.com/subject/1291583/,,导演: 宫崎骏 Hayao Miyazaki   主演: 田中真弓 Mayumi Tanaka / 鹫尾真知子 ... 1986 / 日本 / 动画 奇幻 冒险  ,天空之城 /天空の城ラピュタ,rMBP.lan,https://movie.douban.com/top250?start=25&filter=,,对天空的追逐，永不停止。 ,doubantop250,308459,apple
,2012,9.0,2017-03-05 14:29:36.889341,https://movie.douban.com/subject/1929463/,,导演: 李安 Ang Lee   主演: 苏拉·沙玛 Suraj Sharma / 拉菲·斯波 Rafe Spa... 2012 / 美国 台湾 英国 加拿大 / 剧情 奇幻 冒险  ,少年派的奇幻漂流 /Life of Pi,rMBP.lan,https://movie.douban.com/top250?start=25&filter=,,瑰丽壮观、无人能及的冒险之旅。,doubantop250,544848,apple
,1995,8.9,2017-03-05 14:29:36.893196,https://movie.douban.com/subject/1299398/,,导演: 刘镇伟 Jeffrey Lau   主演: 周星驰 Stephen Chow / 吴孟达 Man Tat Ng... 1995 / 香港 中国大陆 / 喜剧 动作 爱情 奇幻 冒险 古装  ,大话西游之月光宝盒 /西遊記第壹佰零壹回之月光寶盒,rMBP.lan,https://movie.douban.com/top250?start=25&filter=,,旷古烁今。,doubantop250,363958,apple
,2000,9.1,2017-03-05 14:29:36.897206,https://movie.douban.com/subject/1291858/,,导演: 姜文 Wen Jiang   主演: 姜文 Wen Jiang / 香川照之 Teruyuki Kagawa /... 2000 / 中国大陆 / 剧情 战争  ,鬼子来了,rMBP.lan,https://movie.douban.com/top250?start=25&filter=,,对敌人的仁慈，就是对自己残忍。,doubantop250,208429,apple
,1998,9.0,2017-03-05 14:29:36.900953,https://movie.douban.com/subject/1293350/,,导演: Guy Ritchie   主演: Jason Flemyng / Dexter Fletcher / Nick Moran 1998 / 英国 / 剧情 喜剧 犯罪  ,"两杆大烟枪 /Lock, Stock and Two Smoking Barrels",rMBP.lan,https://movie.douban.com/top250?start=25&filter=,,4个臭皮匠顶个诸葛亮，盖·里奇果然不是盖的。,doubantop250,256703,apple
,2009,8.9,2017-03-05 14:29:36.905045,https://movie.douban.com/subject/2129039/,,导演: 彼特·道格特 Pete Docter   主演: 爱德华·阿斯纳 Edward Asner / 克... 2009 / 美国 / 剧情 喜剧 动画 奇幻 冒险  ,飞屋环游记 /Up,rMBP.lan,https://movie.douban.com/top250?start=25&filter=,,最后那些最无聊的事情，才是最值得怀念的。 ,doubantop250,468798,apple
,2008,9.0,2017-03-05 14:29:36.909430,https://movie.douban.com/subject/1851857/,,导演: 克里斯托弗·诺兰 Christopher Nolan   主演: 克里斯蒂安·贝尔 Christ... 2008 / 美国 英国 / 剧情 动作 科幻 犯罪 惊悚  ,蝙蝠侠：黑暗骑士 /The Dark Knight,rMBP.lan,https://movie.douban.com/top250?start=25&filter=,,无尽的黑暗。,doubantop250,291883,apple
,1975,9.0,2017-03-05 14:29:36.915434,https://movie.douban.com/subject/1292224/,,导演: 米洛斯·福尔曼 Miloš Forman   主演: 杰克·尼科尔森 Jack Nichols... 1975 / 美国 / 剧情  ,飞越疯人院 /One Flew Over the Cuckoo's Nest,rMBP.lan,https://movie.douban.com/top250?start=25&filter=,,自由万岁。,doubantop250,259803,apple
,2006,9.1,2017-03-05 14:29:36.919098,https://movie.douban.com/subject/1900841/,,导演: 弗洛里安·亨克尔·冯·多纳斯马 Florian Henckel von Donnersmarck   ... 2006 / 德国 / 剧情 悬疑  ,窃听风暴 /Das Leben der Anderen,rMBP.lan,https://movie.douban.com/top250?start=25&filter=,,别样人生。,doubantop250,203880,apple
,2014,9.1,2017-03-05 14:29:36.922631,https://movie.douban.com/subject/1889243/,,导演: 克里斯托弗·诺兰 Christopher Nolan   主演: 马修·麦康纳 Matthew Mc... 2014 / 美国 英国 加拿大 / 剧情 科幻 悬疑 冒险 家庭  ,星际穿越 /Interstellar,rMBP.lan,https://movie.douban.com/top250?start=25&filter=,,爱是一种力量，让我们超越时空感知它的存在。,doubantop250,443219,apple
,1994,9.0,2017-03-05 14:29:36.926539,https://movie.douban.com/subject/1292365/,,导演: 张艺谋 Yimou Zhang   主演: 葛优 You Ge / 巩俐 Li Gong / 姜武 Wu Jiang 1994 / 中国大陆 香港 / 剧情 家庭  ,活着,rMBP.lan,https://movie.douban.com/top250?start=25&filter=,,张艺谋最好的电影。,doubantop250,239676,apple
,2009,9.3,2017-03-05 14:29:36.931154,https://movie.douban.com/subject/3442220/,,导演: Louie Psihoyos   主演: John Chisholm / Mandy-Rae Cruikshank / Char... 2009 / 美国 / 纪录片  ,海豚湾 /The Cove,rMBP.lan,https://movie.douban.com/top250?start=25&filter=,,海豚的微笑，是世界上最高明的伪装。,doubantop250,172493,apple
,1992,8.9,2017-03-05 14:29:36.937254,https://movie.douban.com/subject/1298624/,,导演: 马丁·布莱斯 Martin Brest   主演: 阿尔·帕西诺 Al Pacino / 克里斯... 1992 / 美国 / 剧情  ,闻香识女人 /Scent of a Woman,rMBP.lan,https://movie.douban.com/top250?start=25&filter=,,史上最美的探戈。,doubantop250,296826,apple
,2005,8.8,2017-03-05 14:29:36.940409,https://movie.douban.com/subject/1309046/,,导演: 詹姆斯·麦克特格 James McTeigue   主演: 娜塔丽·波曼 Natalie Portm... 2005 / 美国 英国 德国 / 剧情 动作 科幻 惊悚  ,V字仇杀队 /V for Vendetta,rMBP.lan,https://movie.douban.com/top250?start=25&filter=,,一张面具背后的理想与革命。,doubantop250,381670,apple
,2001,8.9,2017-03-05 14:29:36.943697,https://movie.douban.com/subject/1306029/,,导演: 朗·霍华德 Ron Howard   主演: 罗素·克劳 Russell Crowe / 詹妮弗·... 2001 / 美国 / 传记 剧情  ,美丽心灵 /A Beautiful Mind,rMBP.lan,https://movie.douban.com/top250?start=25&filter=,,爱是一切逻辑和原由。,doubantop250,283973,apple
,1974,9.1,2017-03-05 14:29:36.947229,https://movie.douban.com/subject/1299131/,,导演: 弗朗西斯·福特·科波拉 Francis Ford Coppola   主演: 阿尔·帕西诺 A... 1974 / 美国 / 剧情 犯罪  ,教父2 /The Godfather: Part Ⅱ,rMBP.lan,https://movie.douban.com/top250?start=25&filter=,,优雅的孤独。,doubantop250,172611,apple
,2002,8.9,2017-03-05 14:29:36.951558,https://movie.douban.com/subject/1291572/,,导演: 彼得·杰克逊 Peter Jackson   主演: 伊利亚·伍德 Elijah Wood / 西恩... 2002 / 美国 新西兰 / 剧情 动作 奇幻 冒险  ,指环王2：双塔奇兵 /The Lord of the Rings: The Two Towers,rMBP.lan,https://movie.douban.com/top250?start=25&filter=,,承前启后的史诗篇章。,doubantop250,253256,apple
,2001,8.9,2017-03-05 14:29:36.959138,https://movie.douban.com/subject/1291571/,,导演: 彼得·杰克逊 Peter Jackson   主演: 伊利亚·伍德 Elijah Wood / 西恩... 2001 / 新西兰 美国 / 剧情 动作 奇幻 冒险  ,指环王1：魔戒再现 /The Lord of the Rings: The Fellowship of the Ring,rMBP.lan,https://movie.douban.com/top250?start=25&filter=,,传说的开始。,doubantop250,282377,apple
,2004,8.8,2017-03-05 14:29:36.964355,https://movie.douban.com/subject/1308807/,,导演: 宫崎骏 Hayao Miyazaki   主演: 倍赏千惠子 Chieko Baishô / 木村拓... 2004 / 日本 / 爱情 动画 奇幻 冒险  ,哈尔的移动城堡 /ハウルの動く城,rMBP.lan,https://movie.douban.com/top250?start=25&filter=,,带着心爱的人在天空飞翔。,doubantop250,318857,apple
,2001,8.7,2017-03-05 14:29:36.967635,https://movie.douban.com/subject/1292215/,,导演: Jean-Pierre Jeunet   主演: 奥黛丽·塔图 Audrey Tautou / 马修·卡索... 2001 / 法国 德国 / 喜剧 爱情  ,天使爱美丽 /Le fabuleux destin d'Amélie Poulain,rMBP.lan,https://movie.douban.com/top250?start=25&filter=,,法式小清新。 ,doubantop250,452198,apple
,1995,8.8,2017-03-05 14:29:36.971460,https://movie.douban.com/subject/1292220/,,导演: 岩井俊二 Shunji Iwai   主演: 中山美穗 Miho Nakayama / 丰川悦司 Ets... 1995 / 日本 / 剧情 爱情  ,情书 /Love Letter,rMBP.lan,https://movie.douban.com/top250?start=25&filter=,,暗恋的极致。,doubantop250,343640,apple
,1989,8.9,2017-03-05 14:29:37.212979,https://movie.douban.com/subject/1291548/,,导演: 彼得·威尔 Peter Weir   主演: 罗宾·威廉姆斯 Robin Williams / 罗伯... 1989 / 美国 / 剧情  ,死亡诗社 /Dead Poets Society,rMBP.lan,https://movie.douban.com/top250?start=50&filter=,,当一个死水般的体制内出现一个活跃的变数时，所有的腐臭都站在了光明的对面。,doubantop250,252894,apple
,1984,9.1,2017-03-05 14:29:37.216850,https://movie.douban.com/subject/1292262/,,导演: Sergio Leone   主演: 罗伯特·德尼罗 Robert De Niro / 詹姆斯·伍兹 ... 1984 / 意大利 美国 / 犯罪 剧情  ,美国往事 /Once Upon a Time in America,rMBP.lan,https://movie.douban.com/top250?start=50&filter=,,往事如烟，无处祭奠。,doubantop250,160760,apple
,1995,8.7,2017-03-05 14:29:37.220539,https://movie.douban.com/subject/1292223/,,导演: 大卫·芬奇 David Fincher   主演: 摩根·弗里曼 Morgan Freeman / 布... 1995 / 美国 / 剧情 犯罪 悬疑 惊悚  ,七宗罪 /Se7en,rMBP.lan,https://movie.douban.com/top250?start=50&filter=,,警察抓小偷，老鼠玩死猫。,doubantop250,406993,apple
,2002,9.0,2017-03-05 14:29:37.224323,https://movie.douban.com/subject/1296736/,,导演: 罗曼·波兰斯基 Roman Polanski   主演: 艾德里安·布洛迪 Adrien Brod... 2002 / 法国 德国 英国 波兰 / 剧情 传记 历史 战争  ,钢琴家 /The Pianist,rMBP.lan,https://movie.douban.com/top250?start=50&filter=,,音乐能化解仇恨。,doubantop250,187890,apple
,1994,8.9,2017-03-05 14:29:37.227741,https://movie.douban.com/subject/1301753/,,导演: Roger Allers / 罗伯·明可夫 Rob Minkoff   主演: 乔纳森·泰勒·托马... 1994 / 美国 / 剧情 动画 冒险 歌舞 家庭  ,狮子王 /The Lion King,rMBP.lan,https://movie.douban.com/top250?start=50&filter=,,动物版《哈姆雷特》。,doubantop250,260796,apple
,1995,8.8,2017-03-05 14:29:37.233169,https://movie.douban.com/subject/1294639/,,导演: 梅尔·吉布森 Mel Gibson   主演: 梅尔·吉布森 Mel Gibson / 苏菲·玛... 1995 / 美国 / 动作 传记 剧情 历史 战争  ,勇敢的心 /Braveheart,rMBP.lan,https://movie.douban.com/top250?start=50&filter=,,史诗大片的典范。,doubantop250,278147,apple
,2006,8.8,2017-03-05 14:29:37.238060,https://movie.douban.com/subject/1780330/,,导演: 克里斯托弗·诺兰 Christopher Nolan   主演: 克里斯蒂安·贝尔 Christ... 2006 / 美国 英国 / 剧情 悬疑 惊悚  ,致命魔术 /The Prestige,rMBP.lan,https://movie.douban.com/top250?start=50&filter=,,孪生蝙蝠侠大战克隆金刚狼。,doubantop250,313101,apple
,2006,8.9,2017-03-05 14:29:37.242227,https://movie.douban.com/subject/1787291/,,导演: 中岛哲也 Tetsuya Nakashima   主演: 中谷美纪 Miki Nakatani / 瑛太 E... 2006 / 日本 / 剧情 歌舞  ,被嫌弃的松子的一生 /嫌われ松子の一生,rMBP.lan,https://movie.douban.com/top250?start=50&filter=,,以戏谑来戏谑戏谑。,doubantop250,250023,apple
,1990,8.7,2017-03-05 14:29:37.246089,https://movie.douban.com/subject/1292370/,,导演: Tim Burton   主演: 约翰尼·德普 Johnny Depp / 薇诺娜·瑞德 Winona ... 1990 / 美国 / 剧情 奇幻 爱情  ,剪刀手爱德华 /Edward Scissorhands,rMBP.lan,https://movie.douban.com/top250?start=50&filter=,,浪漫忧郁的成人童话。,doubantop250,450392,apple
,2013,9.1,2017-03-05 14:29:37.249897,https://movie.douban.com/subject/21937445/,,导演: 杨宇硕 Woo-seok Yang   主演: 宋康昊 Kang-ho Song / 吴达洙 Dal-su O... 2013 / 韩国 / 剧情  ,辩护人 /변호인,rMBP.lan,https://movie.douban.com/top250?start=50&filter=,,电影的现实意义大过电影本身。,doubantop250,176622,apple
,1965,8.9,2017-03-05 14:29:37.253283,https://movie.douban.com/subject/1294408/,,导演: Robert Wise   主演: 朱丽·安德鲁斯 Julie Andrews / 克里斯托弗·普... 1965 / 美国 / 剧情 爱情 歌舞 家庭 传记  ,音乐之声 /The Sound of Music,rMBP.lan,https://movie.douban.com/top250?start=50&filter=,,用音乐化解仇恨，让歌声串起美好。,doubantop250,215269,apple
,1999,9.1,2017-03-05 14:29:37.257332,https://movie.douban.com/subject/1303021/,,导演: 马基德·马基迪 Majid Majidi   主演: Amir Farrokh Hashemian / 默罕... 1999 / 伊朗 / 剧情 家庭 儿童  ,小鞋子 /بچههای آسمان,rMBP.lan,https://movie.douban.com/top250?start=50&filter=,,奔跑的孩子是天使。,doubantop250,123177,apple
,1994,9.0,2017-03-05 14:29:37.261899,https://movie.douban.com/subject/1291818/,,导演: 李安 Ang Lee   主演: 吴倩莲 Chien-lien Wu / 杨贵媚 Kuei-Mei Yang /... 1994 / 台湾 美国 / 剧情 家庭  ,饮食男女 /飲食男女,rMBP.lan,https://movie.douban.com/top250?start=50&filter=,,人生不能像做菜，把所有的料都准备好了才下锅。,doubantop250,168484,apple
,1957,9.6,2017-03-05 14:29:37.268057,https://movie.douban.com/subject/1296141/,,导演: 比利·怀尔德 Billy Wilder   主演: 查尔斯·劳顿 Charles Laughton / ... 1957 / 美国 / 剧情 犯罪 悬疑  ,控方证人 /Witness for the Prosecution,rMBP.lan,https://movie.douban.com/top250?start=50&filter=,,比利·怀德满分作品。,doubantop250,67078,apple
,1994,8.7,2017-03-05 14:29:37.273215,https://movie.douban.com/subject/1291832/,,导演: 昆汀·塔伦蒂诺 Quentin Tarantino   主演: 约翰·特拉沃尔塔 John Tra... 1994 / 美国 / 剧情 喜剧 犯罪  ,低俗小说 /Pulp Fiction,rMBP.lan,https://movie.douban.com/top250?start=50&filter=,,故事的高级讲法。,doubantop250,304296,apple
,2008,8.8,2017-03-05 14:29:37.277710,https://movie.douban.com/subject/2149806/,,导演: 泷田洋二郎 Yôjirô Takita   主演: 本木雅弘 Masahiro Motoki / ... 2008 / 日本 / 剧情  ,入殓师 /おくりびと,rMBP.lan,https://movie.douban.com/top250?start=50&filter=,,死可能是一道门，逝去并不是终结，而是超越，走向下一程。,doubantop250,298797,apple
,1991,8.7,2017-03-05 14:29:37.283655,https://movie.douban.com/subject/1293544/,,导演: Jonathan Demme   主演: Jodie Foster / Anthony Hopkins / Scott Glenn 1991 / 美国 / 剧情 犯罪 惊悚  ,沉默的羔羊 /The Silence of the Lambs,rMBP.lan,https://movie.douban.com/top250?start=50&filter=,,安东尼·霍普金斯的顶级表演。,doubantop250,322586,apple
,2008,8.7,2017-03-05 14:29:37.288010,https://movie.douban.com/subject/1485260/,,导演: 大卫·芬奇 David Fincher   主演: 凯特·布兰切特 Cate Blanchett / ... 2008 / 美国 / 剧情 爱情 奇幻  ,本杰明·巴顿奇事 /The Curious Case of Benjamin Button,rMBP.lan,https://movie.douban.com/top250?start=50&filter=,,在时间之河里感受溺水之苦。,doubantop250,365747,apple
,2004,8.7,2017-03-05 14:29:37.291268,https://movie.douban.com/subject/1292343/,,导演: 埃里克·布雷斯 Eric Bress / J·麦基·格鲁伯 J. Mackye Gruber   主... 2004 / 美国 加拿大 / 剧情 悬疑 科幻 惊悚  ,蝴蝶效应 /The Butterfly Effect,rMBP.lan,https://movie.douban.com/top250?start=50&filter=,,人的命运被自己瞬间的抉择改变。,doubantop250,353531,apple
,1999,8.8,2017-03-05 14:29:37.295884,https://movie.douban.com/subject/1291843/,,导演: 安迪·沃卓斯基 Andy Wachowski / 拉娜·沃卓斯基 Lana Wachowski   主... 1999 / 美国 澳大利亚 / 动作 科幻  ,黑客帝国 /The Matrix,rMBP.lan,https://movie.douban.com/top250?start=50&filter=,,视觉革命。,doubantop250,256225,apple
,1998,8.8,2017-03-05 14:29:37.301038,https://movie.douban.com/subject/1292849/,,导演: 史蒂文·斯皮尔伯格 Steven Spielberg   主演: 汤姆·汉克斯 Tom Hanks... 1998 / 美国 / 剧情 历史 战争  ,拯救大兵瑞恩 /Saving Private Ryan,rMBP.lan,https://movie.douban.com/top250?start=50&filter=,,美利坚精神输出大片No1.,doubantop250,214799,apple
,2009,8.9,2017-03-05 14:29:37.306320,https://movie.douban.com/subject/3072124/,,导演: Adam Elliot   主演: 托妮·科莱特 Toni Collette / 菲利普·塞默·霍... 2009 / 澳大利亚 / 剧情 爱情 动画  ,玛丽和马克思 /Mary and Max,rMBP.lan,https://movie.douban.com/top250?start=50&filter=,,你是我最好的朋友，你是我唯一的朋友 。,doubantop250,220272,apple
,2000,8.7,2017-03-05 14:29:37.309763,https://movie.douban.com/subject/1292402/,,导演: 朱塞佩·托纳多雷 Giuseppe Tornatore   主演: 莫妮卡·贝鲁奇 Monica ... 2000 / 意大利 美国 / 剧情 战争 情色  ,西西里的美丽传说 /Malèna,rMBP.lan,https://movie.douban.com/top250?start=50&filter=,,美丽无罪。,doubantop250,312108,apple
,2013,9.1,2017-03-05 14:29:37.314228,https://movie.douban.com/subject/21937452/,,导演: 李濬益 Jun-ik Lee   主演: 薛景求 Kyung-gu Sol / 严志媛 Ji-won Uhm ... 2013 / 韩国 / 剧情 家庭  ,素媛 /소원,rMBP.lan,https://movie.douban.com/top250?start=50&filter=,,受过伤害的人总是笑得最开心，因为他们不愿意让身边的人承受一样的痛苦。,doubantop250,151630,apple
,1997,8.7,2017-03-05 14:29:37.317554,https://movie.douban.com/subject/1292656/,,导演: 格斯·范·桑特 Gus Van Sant   主演: 马特·达蒙 Matt Damon / 罗宾·... 1997 / 美国 / 剧情  ,心灵捕手 /Good Will Hunting,rMBP.lan,https://movie.douban.com/top250?start=50&filter=,,人生中应该拥有这样的一段豁然开朗。,doubantop250,244177,apple
,1997,8.8,2017-03-05 14:29:37.571638,https://movie.douban.com/subject/1297359/,,导演: 宫崎骏   主演: 松田洋治 / 石田百合子 / 田中裕子 1997 / 日本 / 动画 冒险 奇幻  ,幽灵公主 /もののけ姫,rMBP.lan,https://movie.douban.com/top250?start=75&filter=,,人与自然的战争史诗。,doubantop250,215366,apple
,1999,8.8,2017-03-05 14:29:37.575194,https://movie.douban.com/subject/1297630/,,导演: M·奈特·沙马兰 M. Night Shyamalan   主演: 布鲁斯·威利斯 Bruce Wi... 1999 / 美国 / 剧情 悬疑 恐怖  ,第六感 /The Sixth Sense,rMBP.lan,https://movie.douban.com/top250?start=75&filter=,,深入内心的恐怖，出人意料的结局。,doubantop250,213085,apple
,1994,8.7,2017-03-05 14:29:37.578735,https://movie.douban.com/subject/1291875/,,导演: 姜文 Wen Jiang   主演: 夏雨 Yu Xia / 宁静 Jing Ning / 陶虹 Hong Tao 1994 / 中国大陆 香港 / 剧情  ,阳光灿烂的日子,rMBP.lan,https://movie.douban.com/top250?start=75&filter=,,一场华丽的意淫。,doubantop250,247435,apple
,2010,8.7,2017-03-05 14:29:37.582151,https://movie.douban.com/subject/3742360/,,导演: 姜文 Wen Jiang   主演: 姜文 Wen Jiang / 葛优 You Ge / 周润发 Yun-F... 2010 / 中国大陆 香港 / 剧情 喜剧 动作 西部  ,让子弹飞,rMBP.lan,https://movie.douban.com/top250?start=75&filter=,,你给我翻译翻译，神马叫做TMD的惊喜。,doubantop250,580499,apple
,2003,8.7,2017-03-05 14:29:37.587745,https://movie.douban.com/subject/1291545/,,导演: Tim Burton   主演: Ewan McGregor / Albert Finney / Billy Crudup 2003 / 美国 / 剧情 家庭 奇幻 冒险  ,大鱼 /Big Fish,rMBP.lan,https://movie.douban.com/top250?start=75&filter=,,抱着梦想而活着的人是幸福的，怀抱梦想而死去的人是不朽的。,doubantop250,230150,apple
,1993,8.7,2017-03-05 14:29:37.592087,https://movie.douban.com/subject/1316510/,,导演: 刘镇伟 Jeffrey Lau   主演: 梁朝伟 Tony Leung Chiu Wai / 林青霞 Bri... 1993 / 香港 / 喜剧 古装  ,射雕英雄传之东成西就 /射鵰英雄傳之東成西就,rMBP.lan,https://movie.douban.com/top250?start=75&filter=,,百看不厌。 ,doubantop250,251688,apple
,1997,8.7,2017-03-05 14:29:37.596405,https://movie.douban.com/subject/1292679/,,导演: 王家卫   主演: 张国荣 / 梁朝伟 / 张震 1997 / 香港 日本 韩国 / 剧情 爱情 同性  ,春光乍泄 /春光乍洩,rMBP.lan,https://movie.douban.com/top250?start=75&filter=,,爱情纠缠，男女一致。,doubantop250,217107,apple
,"1961,1964,1978,2004",9.2,2017-03-05 14:29:37.599981,https://movie.douban.com/subject/1418019/,,导演: 万籁鸣 Laiming Wan / 唐澄 Cheng  Tang   主演: 邱岳峰 Yuefeng Qiu /... 1961(上集) / 1964(下集) / 1978(全本) / 2004(纪念版) / 中国大陆 / 动画 奇幻  ,大闹天宫,rMBP.lan,https://movie.douban.com/top250?start=75&filter=,,经典之作，历久弥新。,doubantop250,87166,apple
,2011,8.8,2017-03-05 14:29:37.603279,https://movie.douban.com/subject/4917726/,,导演: 姜炯哲 Hyeong-Cheol Kang   主演: 沈恩京 Eun-kyung Shim / 闵孝琳 Hy... 2011 / 韩国 / 剧情 喜剧  ,阳光姐妹淘 /써니,rMBP.lan,https://movie.douban.com/top250?start=75&filter=,,再多各自牛逼的时光，也比不上一起傻逼的岁月。 ,doubantop250,245365,apple
,1994,8.6,2017-03-05 14:29:37.606660,https://movie.douban.com/subject/1291999/,,导演: 王家卫 Kar Wai Wong   主演: 林青霞 Brigitte Lin / 金城武 Takeshi K... 1994 / 香港 / 剧情 爱情  ,重庆森林 /重慶森林,rMBP.lan,https://movie.douban.com/top250?start=75&filter=,,寂寞没有期限。,doubantop250,293450,apple
,2002,8.9,2017-03-05 14:29:37.610716,https://movie.douban.com/subject/1292208/,,导演: Kátia Lund / Fernando Meirelles   主演: Alexandre Rodrigues / Lea... 2002 / 巴西 法国 / 犯罪 剧情  ,上帝之城 /Cidade de Deus,rMBP.lan,https://movie.douban.com/top250?start=75&filter=,,被上帝抛弃了的上帝之城。,doubantop250,146450,apple
,2010,8.6,2017-03-05 14:29:37.615564,https://movie.douban.com/subject/2334904/,,导演: Martin Scorsese   主演: 莱昂纳多·迪卡普里奥 Leonardo DiCaprio / ... 2010 / 美国 / 剧情 悬疑 惊悚  ,禁闭岛 /Shutter Island,rMBP.lan,https://movie.douban.com/top250?start=75&filter=,,昔日翩翩少年，今日大腹便便。,doubantop250,324975,apple
,1996,8.7,2017-03-05 14:29:37.620701,https://movie.douban.com/subject/1305164/,,导演: 陈可辛 Peter Chan   主演: 黎明 Leon Lai / 张曼玉 Maggie Cheung / ... 1996 / 香港 / 剧情 爱情  ,甜蜜蜜,rMBP.lan,https://movie.douban.com/top250?start=75&filter=,,逢只要一瞬间，等待却像是一辈子。,doubantop250,211379,apple
,2003,8.6,2017-03-05 14:29:37.624293,https://movie.douban.com/subject/1297192/,,导演: James Mangold   主演: John Cusack / Ray Liotta / Amanda Peet 2003 / 美国 / 剧情 悬疑 惊悚  ,致命ID /Identity,rMBP.lan,https://movie.douban.com/top250?start=75&filter=,,最不可能的那个人永远是最可能的。,doubantop250,285677,apple
,2010,8.6,2017-03-05 14:29:37.628072,https://movie.douban.com/subject/4268598/,,导演: 中岛哲也 Tetsuya Nakashima   主演: 松隆子 Takako Matsu / 冈田将生 ... 2010 / 日本 / 剧情 惊悚  ,告白,rMBP.lan,https://movie.douban.com/top250?start=75&filter=,,没有一人完全善，也没有一人完全恶。,doubantop250,309930,apple
,2000,8.9,2017-03-05 14:29:37.632331,https://movie.douban.com/subject/1292434/,,导演: 杨德昌   主演: 吴念真 / 李凯莉 Kelly Lee / 金燕玲 Elaine Jin 2000 / 台湾 日本 / 剧情 爱情 家庭  ,一一,rMBP.lan,https://movie.douban.com/top250?start=75&filter=,,我们都曾经是一一。,doubantop250,139222,apple
,2003,8.6,2017-03-05 14:29:37.637230,https://movie.douban.com/subject/1298070/,,导演: 戈尔·维宾斯基 Gore Verbinski   主演: 约翰尼·德普 Johnny Depp / ... 2003 / 美国 / 动作 冒险 奇幻  ,加勒比海盗 /Pirates of the Caribbean: The Curse of the Black Pearl,rMBP.lan,https://movie.douban.com/top250?start=75&filter=,,约翰尼·德普的独角戏。,doubantop250,304416,apple
,1995,8.7,2017-03-05 14:29:37.641417,https://movie.douban.com/subject/1296339/,,导演: 理查德·林克莱特 Richard Linklater   主演: 伊桑·霍克 Ethan Hawke ... 1995 / 美国 奥地利 瑞士 / 剧情 爱情  ,爱在黎明破晓前 /Before Sunrise,rMBP.lan,https://movie.douban.com/top250?start=75&filter=,,缘分是个连绵词，最美不过一瞬。,doubantop250,197303,apple
,1988,8.7,2017-03-05 14:29:37.645457,https://movie.douban.com/subject/1293318/,,导演: 高畑勋 Isao Takahata   主演: 辰己努 / 白石绫乃 / 志乃原良子 1988 / 日本 / 动画 剧情 战争  ,萤火虫之墓 /火垂るの墓,rMBP.lan,https://movie.douban.com/top250?start=75&filter=,,幸福是生生不息，却难以触及的远。 ,doubantop250,187367,apple
,2009,8.6,2017-03-05 14:29:37.649344,https://movie.douban.com/subject/1652587/,,导演: 詹姆斯·卡梅隆 James Cameron   主演: 萨姆·沃辛顿 Sam Worthington ... 2009 / 美国 英国 / 动作 冒险 奇幻 科幻  ,阿凡达 /Avatar,rMBP.lan,https://movie.douban.com/top250?start=75&filter=,,绝对意义上的美轮美奂。,doubantop250,490589,apple
,1984,8.8,2017-03-05 14:29:37.653118,https://movie.douban.com/subject/1291585/,,导演: 宫崎骏 Hayao Miyazaki   主演: 岛本须美 Sumi Shimamoto / 京田尚子 H... 1984 / 日本 / 科幻 动画 奇幻 冒险  ,风之谷 /風の谷のナウシカ,rMBP.lan,https://movie.douban.com/top250?start=75&filter=,,动画片的圣经。,doubantop250,160912,apple
,2014,8.7,2017-03-05 14:29:37.658165,https://movie.douban.com/subject/11525673/,,导演: 韦斯·安德森 Wes Anderson   主演: 拉尔夫·费因斯 Ralph Fiennes / ... 2014 / 美国 德国 英国 / 剧情 喜剧  ,布达佩斯大饭店 /The Grand Budapest Hotel,rMBP.lan,https://movie.douban.com/top250?start=75&filter=,,小清新的故事里注入了大历史的情怀。,doubantop250,273924,apple
,2012,9.0,2017-03-05 14:29:37.662619,https://movie.douban.com/subject/6985810/,,导演: 托马斯·温特伯格 Thomas Vinterberg   主演: 麦斯·米科尔森 Mads Mik... 2012 / 丹麦 瑞典 / 剧情  ,狩猎 /Jagten,rMBP.lan,https://movie.douban.com/top250?start=75&filter=,,人言可畏。,doubantop250,106614,apple
,2005,8.6,2017-03-05 14:29:37.666958,https://movie.douban.com/subject/1418834/,,导演: 李安 Ang Lee   主演: 希斯·莱杰 Heath Ledger / 杰克·吉伦哈尔 Jake... 2005 / 美国 加拿大 / 剧情 爱情 同性 家庭  ,断背山 /Brokeback Mountain,rMBP.lan,https://movie.douban.com/top250?start=75&filter=,,每个人心中都有一座断背山。,doubantop250,291514,apple
,2004,8.7,2017-03-05 14:29:37.670397,https://movie.douban.com/subject/1291990/,,导演: 理查德·林克莱特 Richard Linklater   主演: 伊桑·霍克 Ethan Hawke ... 2004 / 美国 / 剧情 爱情  ,爱在日落黄昏时 /Before Sunset,rMBP.lan,https://movie.douban.com/top250?start=75&filter=,,九年后的重逢是世俗和责任的交叠，没了悸动和青涩，沧桑而温暖。,doubantop250,181170,apple
,1995,8.8,2017-03-05 14:29:37.926644,https://movie.douban.com/subject/1297052/,,导演: 近藤喜文 Yoshifumi Kondo   主演: 本名阳子 Youko Honna / 小林桂树 K... 1995 / 日本 / 剧情 爱情 动画 音乐  ,侧耳倾听 /耳をすませば,rMBP.lan,https://movie.douban.com/top250?start=100&filter=,,少女情怀总是诗。,doubantop250,150957,apple
,2002,8.7,2017-03-05 14:29:37.930522,https://movie.douban.com/subject/1305487/,,导演: 史蒂文·斯皮尔伯格 Steven Spielberg   主演: 莱昂纳多·迪卡普里奥 L... 2002 / 美国 加拿大 / 传记 犯罪 剧情  ,猫鼠游戏 /Catch Me If You Can,rMBP.lan,https://movie.douban.com/top250?start=100&filter=,,骗子大师和执著警探的你追我跑故事。 ,doubantop250,194591,apple
,1936,9.2,2017-03-05 14:29:37.934042,https://movie.douban.com/subject/1294371/,,导演: 查理·卓别林 Charles Chaplin   主演: 查理·卓别林 Charles Chaplin ... 1936 / 美国 / 喜剧 剧情 爱情  ,摩登时代 /Modern Times,rMBP.lan,https://movie.douban.com/top250?start=100&filter=,,大时代中的人生，小人物的悲喜。,doubantop250,76413,apple
,2010,8.7,2017-03-05 14:29:37.937627,https://movie.douban.com/subject/2353023/,,导演: 迪恩·德布洛斯 Dean DeBlois / 克里斯·桑德斯 Chris Sanders   主演:... 2010 / 美国 / 喜剧 动画 奇幻 冒险 家庭  ,驯龙高手 /How to Train Your Dragon,rMBP.lan,https://movie.douban.com/top250?start=100&filter=,,和谐的生活离不开摸头与被摸头。,doubantop250,260863,apple
,2009,9.0,2017-03-05 14:29:37.941090,https://movie.douban.com/subject/3443389/,,导演: 雅克·贝汉 Jacques Perrin / 雅克·克鲁奥德 Jacques Cluzaud   主演:... 2009 / 法国 瑞士 西班牙 美国 阿联酋 / 纪录片  ,海洋 /Océans,rMBP.lan,https://movie.douban.com/top250?start=100&filter=,,大海啊，不全是水。,doubantop250,93384,apple
,1987,8.8,2017-03-05 14:29:37.945017,https://movie.douban.com/subject/1293172/,,导演: 贝纳尔多·贝托鲁奇 Bernardo Bertolucci   主演: 尊龙 John Lone / 陈... 1987 / 意大利 中国大陆 英国 法国 / 剧情 传记 历史  ,末代皇帝 /The Last Emperor,rMBP.lan,https://movie.douban.com/top250?start=100&filter=,,“不要跟我比惨，我比你更惨”再适合这部电影不过了。,doubantop250,141081,apple
,2011,8.7,2017-03-05 14:29:37.949469,https://movie.douban.com/subject/5322596/,,导演: 托尼·凯耶 Tony Kaye   主演: 艾德里安·布洛迪 Adrien Brody / 克里... 2011 / 美国 / 剧情  ,超脱 /Detachment,rMBP.lan,https://movie.douban.com/top250?start=100&filter=,,穷尽一生，我们要学会的，不过是彼此拥抱。,doubantop250,154782,apple
,2001,8.6,2017-03-05 14:29:37.955712,https://movie.douban.com/subject/1295038/,,导演: Chris Columbus   主演: Daniel Radcliffe / Emma Watson / Rupert Grint 2001 / 美国 英国 / 奇幻 冒险  ,哈利·波特与魔法石 /Harry Potter and the Sorcerer's Stone,rMBP.lan,https://movie.douban.com/top250?start=100&filter=,,童话世界的开端。,doubantop250,221252,apple
,2004,8.6,2017-03-05 14:29:37.964290,https://movie.douban.com/subject/1292274/,,导演: 史蒂文·斯皮尔伯格 Steven Spielberg   主演: 汤姆·汉克斯 Tom Hanks... 2004 / 美国 / 喜剧 剧情 爱情  ,幸福终点站 /The Terminal,rMBP.lan,https://movie.douban.com/top250?start=100&filter=,,有时候幸福需要等一等。 ,doubantop250,209108,apple
,1994,8.8,2017-03-05 14:29:37.969011,https://movie.douban.com/subject/1295865/,,导演: 爱德华·兹威克 Edward Zwick   主演: 安东尼·霍普金斯 Anthony Hopki... 1994 / 美国 / 剧情 爱情 西部 家庭  ,燃情岁月 /Legends of the Fall,rMBP.lan,https://movie.douban.com/top250?start=100&filter=,,传奇，不是每个人都可以拥有。,doubantop250,139709,apple
,2007,8.7,2017-03-05 14:29:37.973467,https://movie.douban.com/subject/1578507/,,导演: 保罗·格林格拉斯 Paul Greengrass   主演: 马特·达蒙 Matt Damon / ... 2007 / 美国 德国 / 动作 悬疑 冒险  ,谍影重重3 /The Bourne Ultimatum,rMBP.lan,https://movie.douban.com/top250?start=100&filter=,,像吃了苏打饼一样干脆的电影。,doubantop250,165020,apple
,2008,8.8,2017-03-05 14:29:37.976822,https://movie.douban.com/subject/3008247/,,导演: 马克·赫门 Mark Herman   主演: 阿沙·巴特菲尔德 Asa Butterfield / ... 2008 / 英国 美国 / 剧情 战争  ,穿条纹睡衣的男孩 /The Boy in the Striped Pajamas,rMBP.lan,https://movie.douban.com/top250?start=100&filter=,,尽管有些不切实际的幻想，这部电影依旧是一部感人肺腑的佳作。,doubantop250,121508,apple
,2004,8.6,2017-03-05 14:29:37.980954,https://movie.douban.com/subject/1417598/,,导演: 詹姆斯·温 James Wan   主演: 雷·沃纳尔 Leigh Whannell / 加利·艾... 2004 / 美国 澳大利亚 / 犯罪 悬疑 惊悚  ,电锯惊魂 /Saw,rMBP.lan,https://movie.douban.com/top250?start=100&filter=,,真相就在眼前。,doubantop250,181224,apple
,2010,8.5,2017-03-05 14:29:37.985565,https://movie.douban.com/subject/3287562/,,导演: 皮艾尔·柯芬 Pierre Coffin / 克里斯·雷纳德 Chris Renaud   主演: ... 2010 / 美国 / 儿童 喜剧 动画  ,神偷奶爸 /Despicable Me,rMBP.lan,https://movie.douban.com/top250?start=100&filter=,,Mr. I Don't Care其实也有Care的时候。,doubantop250,337227,apple
,1999,8.7,2017-03-05 14:29:37.990120,https://movie.douban.com/subject/1293359/,,导演: 北野武 Takeshi Kitano   主演: 北野武 Takeshi Kitano / 关口雄介 Yus... 1999 / 日本 / 剧情 喜剧  ,菊次郎的夏天 /菊次郎の夏,rMBP.lan,https://movie.douban.com/top250?start=100&filter=,,从没见过那么流氓的温柔，从没见过那么温柔的流氓。,doubantop250,159331,apple
,2003,8.5,2017-03-05 14:29:37.995757,https://movie.douban.com/subject/1292401/,,导演: 理查德·柯蒂斯 Richard Curtis   主演: 休·格兰特 Hugh Grant / 柯林... 2003 / 英国 美国 法国 / 喜剧 剧情 爱情  ,真爱至上 /Love Actually,rMBP.lan,https://movie.douban.com/top250?start=100&filter=,,爱，是个动词。,doubantop250,285644,apple
,2010,8.7,2017-03-05 14:29:38.000631,https://movie.douban.com/subject/4202302/,,导演: 米林宏昌 Hiromasa Yonebayashi   主演: 志田未来 Mirai Shida / 神木... 2010 / 日本 / 动画 奇幻 冒险  ,借东西的小人阿莉埃蒂 /借りぐらしのアリエッティ,rMBP.lan,https://movie.douban.com/top250?start=100&filter=,,曾经的那段美好会沉淀为一辈子的记忆。,doubantop250,196960,apple
,1966,8.9,2017-03-05 14:29:38.004169,https://movie.douban.com/subject/1296909/,,导演: 杰拉尔·乌里 Gérard Oury   主演: 路易·德·菲耐斯 Louis de Funès... 1966 / 法国 英国 / 喜剧 战争  ,虎口脱险 /La grande vadrouille,rMBP.lan,https://movie.douban.com/top250?start=100&filter=,,永远看不腻的喜剧。,doubantop250,98709,apple
,2010,8.6,2017-03-05 14:29:38.007684,https://movie.douban.com/subject/3792799/,,导演: 罗启锐 Alex Law   主演: 吴君如 Sandra Ng / 任达华 Simon Yam / 钟绍... 2010 / 香港 中国大陆 / 剧情 家庭  ,岁月神偷 /歲月神偷,rMBP.lan,https://movie.douban.com/top250?start=100&filter=,,岁月流逝，来日可追。,doubantop250,282851,apple
,1988,8.6,2017-03-05 14:29:38.011465,https://movie.douban.com/subject/1291870/,,导演: 巴瑞·莱文森 Barry Levinson   主演: 达斯汀·霍夫曼 Dustin Hoffman ... 1988 / 美国 / 剧情  ,雨人 /Rain Man,rMBP.lan,https://movie.douban.com/top250?start=100&filter=,,生活在自己的世界里，也可以让周围的人显得可笑和渺小。,doubantop250,193518,apple
,1987,8.6,2017-03-05 14:29:38.016919,https://movie.douban.com/subject/1297447/,,导演: 程小东 Siu-Tung Ching   主演: 张国荣 Leslie Cheung / 王祖贤 Joey W... 1987 / 香港 / 剧情 爱情 武侠 古装  ,倩女幽魂,rMBP.lan,https://movie.douban.com/top250?start=100&filter=,,两张绝世的脸。 ,doubantop250,221032,apple
,2008,8.5,2017-03-05 14:29:38.022866,https://movie.douban.com/subject/2209573/,,导演: 丹尼·鲍尔 Danny Boyle / 洛芙琳·坦丹 Loveleen Tandan   主演: 戴夫... 2008 / 英国 美国 / 剧情 爱情  ,贫民窟的百万富翁 /Slumdog Millionaire,rMBP.lan,https://movie.douban.com/top250?start=100&filter=,,上帝之城+猜火车+阿甘正传+开心辞典=山寨富翁,doubantop250,369755,apple
,1954,9.1,2017-03-05 14:29:38.026088,https://movie.douban.com/subject/1295399/,,导演: 黑泽明 Akira Kurosawa   主演: 三船敏郎 Toshirô Mifune / 志村乔 ... 1954 / 日本 / 动作 冒险 剧情  ,七武士 /七人の侍,rMBP.lan,https://movie.douban.com/top250?start=100&filter=,,时代悲歌。,doubantop250,67763,apple
,2014,8.7,2017-03-05 14:29:38.029462,https://movie.douban.com/subject/21318488/,,导演: 大卫·芬奇 David Fincher   主演: 本·阿弗莱克 Ben Affleck / 罗莎蒙... 2014 / 美国 / 剧情 犯罪 悬疑 惊悚,消失的爱人 /Gone Girl,rMBP.lan,https://movie.douban.com/top250?start=100&filter=,,,doubantop250,311309,apple
,2000,8.5,2017-03-05 14:29:38.033749,https://movie.douban.com/subject/1304447/,,导演: 克里斯托弗·诺兰 Christopher Nolan   主演: 盖·皮尔斯 Guy Pearce /... 2000 / 美国 / 犯罪 剧情 悬疑 惊悚  ,记忆碎片 /Memento,rMBP.lan,https://movie.douban.com/top250?start=100&filter=,,一个针管引发的血案。,doubantop250,252127,apple
,1994,8.6,2017-03-05 14:29:38.293496,https://movie.douban.com/subject/1292328/,,导演: 王家卫 Kar Wai Wong   主演: 张国荣 Leslie Cheung / 张曼玉 Maggie C... 1994 / 香港 台湾 / 剧情 动作 爱情 武侠 古装  ,东邪西毒 /東邪西毒,rMBP.lan,https://movie.douban.com/top250?start=125&filter=,,电影诗。,doubantop250,228341,apple
,2013,8.7,2017-03-05 14:29:38.301169,https://movie.douban.com/subject/21360417/,,导演: 金秉祐 Byeong-woo Kim   主演: 河正宇 Jung-woo Ha / 李璟荣 Kyeong-y... 2013 / 韩国 / 剧情 犯罪 悬疑  ,恐怖直播 /더 테러 라이브,rMBP.lan,https://movie.douban.com/top250?start=125&filter=,,恐怖分子的“秋菊打官司”。,doubantop250,187068,apple
,2013,8.7,2017-03-05 14:29:38.309914,https://movie.douban.com/subject/1907966/,,导演: 科克·德·米科 Kirk De Micco / 克里斯·桑德斯 Chris Sanders   主演... 2013 / 美国 / 喜剧 动画 冒险  ,疯狂原始人 /The Croods,rMBP.lan,https://movie.douban.com/top250?start=125&filter=,,老少皆宜，这就是好莱坞动画的魅力。,doubantop250,342113,apple
,2001,8.6,2017-03-05 14:29:38.342037,https://movie.douban.com/subject/1291579/,,导演: 彼特·道格特 Pete Docter / 大卫·斯沃曼 David Silverman   主演: 约... 2001 / 美国 / 喜剧 动画 儿童 奇幻  ,"怪兽电力公司 /Monsters, Inc.",rMBP.lan,https://movie.douban.com/top250?start=125&filter=,,不要给它起名字，起了名字就有感情了。,doubantop250,214602,apple
,2003,8.6,2017-03-05 14:29:38.366163,https://movie.douban.com/subject/1300299/,,导演: 奉俊昊 Joon-ho Bong   主演: 宋康昊 Kang-ho Song / 金相庆 Sang-kyun... 2003 / 韩国 / 犯罪 剧情 悬疑 惊悚  ,杀人回忆 /살인의 추억,rMBP.lan,https://movie.douban.com/top250?start=125&filter=,,关于连环杀人悬案的集体回忆。,doubantop250,184069,apple
,2006,8.6,2017-03-05 14:29:38.370266,https://movie.douban.com/subject/1937946/,,导演: 细田守 Mamoru Hosoda   主演: 仲里依纱 Riisa Naka / 石田卓也 Takuya... 2006 / 日本 / 剧情 爱情 科幻 动画  ,穿越时空的少女 /時をかける少女,rMBP.lan,https://movie.douban.com/top250?start=125&filter=,,爱上未来的你。 ,doubantop250,168860,apple
,2004,8.8,2017-03-05 14:29:38.374144,https://movie.douban.com/subject/1291822/,,导演: 特瑞·乔治 Terry George   主演: 唐·钱德尔 Don Cheadle / 苏菲·奥... 2004 / 英国 南非 意大利 美国 / 剧情 历史 战争  ,卢旺达饭店 /Hotel Rwanda,rMBP.lan,https://movie.douban.com/top250?start=125&filter=,,当这个世界闭上双眼，他却敞开了怀抱。,doubantop250,106233,apple
,2006,8.8,2017-03-05 14:29:38.377541,https://movie.douban.com/subject/1865703/,,导演: 今敏 Satoshi Kon   主演: 林原惠美 Megumi Hayashibara / 古谷彻 T... 2006 / 日本 / 动画 悬疑 科幻 惊悚  ,红辣椒 /パプリカ,rMBP.lan,https://movie.douban.com/top250?start=125&filter=,,梦的勾结。,doubantop250,110362,apple
,1940,8.8,2017-03-05 14:29:38.380819,https://movie.douban.com/subject/1293964/,,导演: Mervyn LeRoy   主演: Vivien Leigh / Robert Taylor / Lucile Watson 1940 / 美国 / 剧情 战争 爱情  ,魂断蓝桥 /Waterloo Bridge,rMBP.lan,https://movie.douban.com/top250?start=125&filter=,,中国式内在的美国电影。,doubantop250,119505,apple
,2004,8.5,2017-03-05 14:29:38.384580,https://movie.douban.com/subject/1309163/,,导演: 尼克·卡索维茨 Nick Cassavetes   主演: 瑞恩·高斯林 Ryan Gosling /... 2004 / 美国 / 剧情 爱情  ,恋恋笔记本 /The Notebook,rMBP.lan,https://movie.douban.com/top250?start=125&filter=,,爱情没有那么多借口，如果不能圆满，只能说明爱的不够。 ,doubantop250,250936,apple
,2010,8.5,2017-03-05 14:29:38.389522,https://movie.douban.com/subject/1978709/,,导演: 达伦·阿罗诺夫斯基 Darren Aronofsky   主演: 娜塔丽·波曼 Natalie P... 2010 / 美国 / 剧情 惊悚  ,黑天鹅 /Black Swan,rMBP.lan,https://movie.douban.com/top250?start=125&filter=,,黑暗之美。,doubantop250,382364,apple
,1996,8.5,2017-03-05 14:29:38.394953,https://movie.douban.com/subject/1292528/,,导演: 丹尼·鲍尔 Danny Boyle   主演: 伊万·麦克格雷格 Ewan McGregor / 艾... 1996 / 英国 / 犯罪 剧情  ,猜火车 /Trainspotting,rMBP.lan,https://movie.douban.com/top250?start=125&filter=,,不可猜的青春迷笛。 ,doubantop250,223628,apple
,1986,8.7,2017-03-05 14:29:38.402775,https://movie.douban.com/subject/1297574/,,导演: 吴宇森 John Woo   主演: 周润发 Yun-Fat Chow / 狄龙 Lung Ti / 张国... 1986 / 香港 / 动作 犯罪  ,英雄本色,rMBP.lan,https://movie.douban.com/top250?start=125&filter=,,英雄泪短，兄弟情长。 ,doubantop250,131235,apple
,2005,8.4,2017-03-05 14:29:38.412045,https://movie.douban.com/subject/1418200/,,导演: 乔·怀特 Joe Wright   主演: 凯拉·奈特莉 Keira Knightley / 马修·... 2005 / 法国 英国 美国 / 剧情 爱情  ,傲慢与偏见 /Pride & Prejudice,rMBP.lan,https://movie.douban.com/top250?start=125&filter=,,爱是摈弃傲慢与偏见之后的曙光。,doubantop250,270106,apple
,1993,8.7,2017-03-05 14:29:38.418160,https://movie.douban.com/subject/1303037/,,导演: 李安   主演: 赵文瑄 / 归亚蕾 / 金素梅 1993 / 台湾 美国 / 剧情 喜剧 爱情 同性 家庭  ,喜宴,rMBP.lan,https://movie.douban.com/top250?start=125&filter=,,中国家庭的喜怒哀乐忍。,doubantop250,120098,apple
,1990,8.7,2017-03-05 14:29:38.423846,https://movie.douban.com/subject/1294240/,,导演: 弗朗西斯·福特·科波拉 Francis Ford Coppola   主演: 阿尔·帕西诺 A... 1990 / 美国 / 剧情 犯罪  ,教父3 /The Godfather: Part III,rMBP.lan,https://movie.douban.com/top250?start=125&filter=,,任何信念的力量，都无法改变命运。,doubantop250,116217,apple
,1952,8.9,2017-03-05 14:29:38.428313,https://movie.douban.com/subject/1293460/,,导演: Stanley Donen / Gene Kelly   主演: Gene Kelly / Donald O'Connor / ... 1952 / 美国 / 喜剧 歌舞 爱情  ,雨中曲 /Singin' in the Rain,rMBP.lan,https://movie.douban.com/top250?start=125&filter=,,骨灰级歌舞片。,doubantop250,83729,apple
,1993,9.0,2017-03-05 14:29:38.432737,https://movie.douban.com/subject/1300992/,,导演: 克林特·伊斯特伍德 Clint Eastwood   主演: 凯文·科斯特纳 Kevin Cos... 1993 / 美国 / 剧情 犯罪  ,完美的世界 /A Perfect World,rMBP.lan,https://movie.douban.com/top250?start=125&filter=,,坏人的好总是比好人的好来得更感人。,doubantop250,70182,apple
,2010,8.7,2017-03-05 14:29:38.438394,https://movie.douban.com/subject/1858711/,,导演: 李·昂克里奇 Lee Unkrich   主演: 汤姆·汉克斯 Tom Hanks / 蒂姆·艾... 2010 / 美国 / 喜剧 动画 奇幻 冒险  ,玩具总动员3 /Toy Story 3,rMBP.lan,https://movie.douban.com/top250?start=125&filter=,,跨度十五年的欢乐与泪水。,doubantop250,178512,apple
,1991,8.7,2017-03-05 14:29:38.441708,https://movie.douban.com/subject/1295409/,,导演: 吴宇森 John Woo   主演: 周润发 Yun-Fat Chow / 张国荣 Leslie Cheung... 1991 / 香港 / 剧情 喜剧 动作 犯罪  ,纵横四海 /緃横四海,rMBP.lan,https://movie.douban.com/top250?start=125&filter=,,香港浪漫主义警匪动作片的巅峰之作。,doubantop250,125579,apple
,2001,8.6,2017-03-05 14:29:38.444989,https://movie.douban.com/subject/1302827/,,导演: 史蒂文·斯皮尔伯格 Steven Spielberg   主演: 海利·乔·奥斯蒙 Haley... 2001 / 美国 / 冒险 剧情 科幻  ,人工智能 /Artificial Intelligence: AI,rMBP.lan,https://movie.douban.com/top250?start=125&filter=,,对爱的执着，可以超越一切。,doubantop250,173184,apple
,2011,8.7,2017-03-05 14:29:38.449077,https://movie.douban.com/subject/5989818/,,导演: 大森贵弘 Takahiro Omori   主演: 佐仓绫音 Ayane Sakura / 内山昂辉 K... 2011 / 日本 / 剧情 爱情 动画 奇幻  ,萤火之森 /蛍火の杜へ,rMBP.lan,https://movie.douban.com/top250?start=125&filter=,,触不到的恋人。,doubantop250,136622,apple
,2014,8.9,2017-03-05 14:29:38.453186,https://movie.douban.com/subject/25814705/,,导演: 森淳一 Junichi Mori   主演: 桥本爱 Ai Hashimoto / 三浦贵大 Takahir... 2014 / 日本 / 剧情,小森林 夏秋篇 /リトル・フォレスト 夏・秋,rMBP.lan,https://movie.douban.com/top250?start=125&filter=,,,doubantop250,104963,apple
,2001,8.8,2017-03-05 14:29:38.458156,https://movie.douban.com/subject/1306861/,,导演: 杰茜·尼尔森 Jessie Nelson   主演: Sean Penn / Dakota Fanning / Mi... 2001 / 美国 / 剧情 家庭  ,我是山姆 /I Am Sam,rMBP.lan,https://movie.douban.com/top250?start=125&filter=,,爱并不需要智商 。,doubantop250,90882,apple
,1999,8.4,2017-03-05 14:29:38.464936,https://movie.douban.com/subject/1302425/,,导演: 周星驰 Stephen Chow / 李力持 Lik-Chi Lee   主演: 周星驰 Stephen Ch... 1999 / 香港 / 喜剧 剧情 爱情  ,喜剧之王 /喜劇之王,rMBP.lan,https://movie.douban.com/top250?start=125&filter=,,我是一个演员。,doubantop250,268227,apple
,2006,8.4,2017-03-05 14:29:38.737923,https://movie.douban.com/subject/1760622/,,导演: 汤姆·提克威 Tom Tykwer   主演: 本·卫肖 Ben Whishaw / 艾伦·瑞克... 2006 / 德国 法国 西班牙 美国 / 剧情 犯罪 奇幻  ,香水 /Perfume: The Story of a Murderer,rMBP.lan,https://movie.douban.com/top250?start=150&filter=,,一个单凭体香达到高潮的男人。,doubantop250,250535,apple
,2002,8.4,2017-03-05 14:29:38.741692,https://movie.douban.com/subject/1291578/,,导演: 卡洛斯·沙尔丹哈 Carlos Saldanha / 克里斯·韦奇 Chris Wedge   主演... 2002 / 美国 / 喜剧 动画 冒险  ,冰川时代 /Ice Age,rMBP.lan,https://movie.douban.com/top250?start=150&filter=,,松鼠才是角儿。,doubantop250,246671,apple
,2008,8.7,2017-03-05 14:29:38.745434,https://movie.douban.com/subject/2297265/,,导演: 丹尼斯·甘塞尔 Dennis Gansel   主演: 尤尔根·沃格尔 Jürgen Vogel ... 2008 / 德国 / 剧情 惊悚  ,浪潮 /Die Welle,rMBP.lan,https://movie.douban.com/top250?start=150&filter=,,世界离独裁只有五天。,doubantop250,115799,apple
,2004,8.6,2017-03-05 14:29:38.749030,https://movie.douban.com/subject/1388216/,,导演: 保罗·哈吉斯 Paul Haggis   主演: 桑德拉·布洛克 Sandra Bullock / ... 2004 / 美国 德国 / 犯罪 剧情  ,撞车 /Crash,rMBP.lan,https://movie.douban.com/top250?start=150&filter=,,天使与魔鬼的冲撞。,doubantop250,160086,apple
,2011,8.6,2017-03-05 14:29:38.752676,https://movie.douban.com/subject/3011235/,,导演: 大卫·叶茨 David Yates   主演: 丹尼尔·雷德克里夫 Daniel Radcliffe... 2011 / 美国 英国 / 剧情 悬疑 奇幻 冒险  ,哈利·波特与死亡圣器(下) /Harry Potter and the Deathly Hallows: Part 2,rMBP.lan,https://movie.douban.com/top250?start=150&filter=,,10年的完美句点。,doubantop250,247494,apple
,2013,8.7,2017-03-05 14:29:38.756254,https://movie.douban.com/subject/10777687/,,导演: 李焕庆 Hwan-kyeong Lee   主演: 柳承龙 Seung-yong Ryoo / 朴信惠 Shi... 2013 / 韩国 / 剧情 喜剧 家庭  ,7号房的礼物 /7번방의 선물,rMBP.lan,https://movie.douban.com/top250?start=150&filter=,,《我是山姆》的《美丽人生》。,doubantop250,148669,apple
,2007,8.4,2017-03-05 14:29:38.759954,https://movie.douban.com/subject/2043546/,,导演: 新海诚 Makoto Shinkai   主演: 水桥研二 Kenji Mizuhashi / 近藤好美 ... 2007 / 日本 / 动画 剧情 爱情  ,秒速5厘米 /秒速5センチメートル,rMBP.lan,https://movie.douban.com/top250?start=150&filter=,,青春就是放弃和怀念。,doubantop250,262129,apple
,2008,8.5,2017-03-05 14:29:38.764577,https://movie.douban.com/subject/2213597/,,导演: 史蒂芬·戴德利 Stephen Daldry   主演: 凯特·温丝莱特 Kate Winslet ... 2008 / 美国 德国 / 剧情 爱情  ,朗读者 /The Reader,rMBP.lan,https://movie.douban.com/top250?start=150&filter=,,当爱情跨越年龄的界限，它似乎能变得更久远一点，成为一种责任，一种水到渠成的相濡以沫。 ,doubantop250,257187,apple
,1988,8.7,2017-03-05 14:29:38.770146,https://movie.douban.com/subject/1300960/,,导演: Luc Besson   主演: Jean-Marc Barr / Jean Reno / Rosanna Arquette 1988 / 法国 美国 意大利 / 剧情 爱情  ,碧海蓝天 /Le grand bleu,rMBP.lan,https://movie.douban.com/top250?start=150&filter=,,在那片深蓝中，感受来自大海的忧伤寂寞与美丽自由。,doubantop250,101524,apple
,1998,9.0,2017-03-05 14:29:38.774044,https://movie.douban.com/subject/1397546/,,导演: 克里斯托弗·诺兰 Christopher Nolan   主演: 杰里米·西奥伯德 Jeremy... 1998 / 英国 / 犯罪 悬疑 惊悚  ,追随 /Following,rMBP.lan,https://movie.douban.com/top250?start=150&filter=,,诺兰的牛逼来源于内心散发出的恐惧。,doubantop250,69322,apple
,2000,8.4,2017-03-05 14:29:38.777424,https://movie.douban.com/subject/1291557/,,导演: 王家卫 Kar Wai Wong   主演: 梁朝伟 Tony Leung Chiu Wai / 张曼玉 Ma... 2000 / 香港 法国 / 剧情 爱情  ,花样年华 /花樣年華,rMBP.lan,https://movie.douban.com/top250?start=150&filter=,,偷情本没有这样美。,doubantop250,216099,apple
,1950,8.7,2017-03-05 14:29:38.781852,https://movie.douban.com/subject/1291879/,,导演: 黑泽明 Akira Kurosawa   主演: 三船敏郎 Toshirô Mifune / 千秋实 ... 1950 / 日本 / 犯罪 剧情 悬疑  ,罗生门 /羅生門,rMBP.lan,https://movie.douban.com/top250?start=150&filter=,,人生的N种可能性。,doubantop250,108294,apple
,2000,8.7,2017-03-05 14:29:38.786895,https://movie.douban.com/subject/1292270/,,导演: 达伦·阿伦诺夫斯基 Darren Aronofsky   主演: 艾伦·伯斯汀 Ellen Bur... 2000 / 美国 / 剧情  ,梦之安魂曲 /Requiem for a Dream,rMBP.lan,https://movie.douban.com/top250?start=150&filter=,,一场没有春天的噩梦。,doubantop250,98683,apple
,2005,8.5,2017-03-05 14:29:38.791098,https://movie.douban.com/subject/1419936/,,导演: 安德鲁·尼科尔 Andrew Niccol   主演: 尼古拉斯·凯奇 Nicolas Cage /... 2005 / 美国 法国 / 剧情 犯罪  ,战争之王 /Lord of War,rMBP.lan,https://movie.douban.com/top250?start=150&filter=,,做一颗让别人需要你的棋子。,doubantop250,158733,apple
,2004,8.6,2017-03-05 14:29:38.795524,https://movie.douban.com/subject/1308857/,,导演: 陆川 Chuan Lu   主演: 多布杰 Duobujie / 张磊 Lei Zhang / 亓亮 Qi L... 2004 / 中国大陆 香港 / 剧情 犯罪  ,可可西里,rMBP.lan,https://movie.douban.com/top250?start=150&filter=,,坚硬的信仰。,doubantop250,116545,apple
,2009,8.6,2017-03-05 14:29:38.799119,https://movie.douban.com/subject/3007773/,,导演: 理查德·柯蒂斯 Richard Curtis   主演: 比尔·奈伊 Bill Nighy / 肯尼... 2009 / 英国 德国 法国 / 剧情 喜剧 音乐  ,海盗电台 /The Boat That Rocked,rMBP.lan,https://movie.douban.com/top250?start=150&filter=,,生命不止，摇滚不死。,doubantop250,155244,apple
,2011,8.7,2017-03-05 14:29:38.802880,https://movie.douban.com/subject/5964718/,,导演: 阿斯哈·法哈蒂  Asghar Farhadi   主演: 蕾拉·哈塔米 Leila Hatami /... 2011 / 伊朗 / 剧情 家庭  ,一次别离 /جدایی نادر از سیمین,rMBP.lan,https://movie.douban.com/top250?start=150&filter=,,只有有信仰的人才能说出事实真相。,doubantop250,118055,apple
,2014,8.6,2017-03-05 14:29:38.806820,https://movie.douban.com/subject/25917973/,,导演: 忻钰坤 Yukun Xin   主演: 霍卫民 Weimin Huo / 王笑天 Xiaotian Wang ... 2014 / 中国大陆 / 剧情 犯罪 悬疑,心迷宫,rMBP.lan,https://movie.douban.com/top250?start=150&filter=,,,doubantop250,131403,apple
,1993,8.3,2017-03-05 14:29:38.811082,https://movie.douban.com/subject/1306249/,,导演: 李力持 Lik-Chi Lee   主演: 周星驰 Stephen Chow / 巩俐 Li Gong / 陈... 1993 / 香港 / 喜剧 爱情 古装  ,唐伯虎点秋香 /唐伯虎點秋香,rMBP.lan,https://movie.douban.com/top250?start=150&filter=,,华太师是黄霑，吴镇宇四大才子之一。,doubantop250,278467,apple
,2014,8.6,2017-03-05 14:29:38.816260,https://movie.douban.com/subject/11026735/,,导演: 唐·霍尔 Don Hall / 克里斯·威廉姆斯 Chris Williams   主演: 斯科特... 2014 / 美国 / 喜剧 动作 科幻 动画 冒险,超能陆战队 /Big Hero 6,rMBP.lan,https://movie.douban.com/top250?start=150&filter=,,,doubantop250,327106,apple
,2013,8.6,2017-03-05 14:29:38.831516,https://movie.douban.com/subject/10577869/,,导演: 理查德·柯蒂斯 Richard Curtis   主演: 多姆纳尔·格利森 Domhnall Gl... 2013 / 英国 / 剧情 爱情 奇幻  ,时空恋旅人 /About Time,rMBP.lan,https://movie.douban.com/top250?start=150&filter=,,把每天当作最后一天般珍惜度过，积极拥抱生活，就是幸福。,doubantop250,168237,apple
,2004,8.5,2017-03-05 14:29:38.847929,https://movie.douban.com/subject/1308767/,,导演: 保罗·格林格拉斯 Paul Greengrass   主演: 马特·达蒙 Matt Damon / ... 2004 / 美国 德国 / 动作 悬疑 冒险  ,谍影重重2 /The Bourne Supremacy,rMBP.lan,https://movie.douban.com/top250?start=150&filter=,,谁说王家卫镜头很晃？,doubantop250,143404,apple
,2002,8.5,2017-03-05 14:29:38.851596,https://movie.douban.com/subject/1304102/,,导演: 道格·里曼 Doug Liman   主演: 马特·达蒙 Matt Damon / 弗兰卡·波坦... 2002 / 美国 德国 捷克 / 动作 悬疑 冒险  ,谍影重重 /The Bourne Identity,rMBP.lan,https://movie.douban.com/top250?start=150&filter=,,哗啦啦啦啦，天在下雨，哗啦啦啦啦，云在哭泣……找自己。,doubantop250,173973,apple
,2001,9.1,2017-03-05 14:29:38.860073,https://movie.douban.com/subject/1292281/,,导演: 雅克·贝汉 Jacques Perrin / 雅克·克鲁奥德 Jacques Cluzaud   主演:... 2001 / 法国 德国 意大利 西班牙 瑞士 / 纪录片  ,迁徙的鸟 /Le peuple migrateur,rMBP.lan,https://movie.douban.com/top250?start=150&filter=,,最美的飞翔。,doubantop250,48357,apple
,2007,8.6,2017-03-05 14:29:38.866122,https://movie.douban.com/subject/1905462/,,导演: 西恩·潘 Sean Penn   主演: 埃米尔·赫斯基 Emile Hirsch / 马西娅·... 2007 / 美国 / 冒险 传记 剧情  ,荒野生存 /Into the Wild,rMBP.lan,https://movie.douban.com/top250?start=150&filter=,,出门必备：本草纲目。,doubantop250,115671,apple
,2007,8.8,2017-03-05 14:29:39.132715,https://movie.douban.com/subject/2363506/,,导演: 阿米尔·汗 Aamir Khan / 阿莫尔·古普特 Amole Gupte   主演: 达席尔... 2007 / 印度 / 剧情 儿童 家庭  ,地球上的星星 /Taare Zameen Par,rMBP.lan,https://movie.douban.com/top250?start=175&filter=,,天使保护事件始末。,doubantop250,69933,apple
,2012,8.5,2017-03-05 14:29:39.138665,https://movie.douban.com/subject/3395373/,,导演: 克里斯托弗·诺兰 Christopher Nolan   主演: 克里斯蒂安·贝尔 Christ... 2012 / 美国 英国 / 剧情 动作 科幻 犯罪 惊悚  ,蝙蝠侠：黑暗骑士崛起 /The Dark Knight Rises,rMBP.lan,https://movie.douban.com/top250?start=175&filter=,,诺兰就是保证。,doubantop250,265978,apple
,1990,8.5,2017-03-05 14:29:39.145952,https://movie.douban.com/subject/1305690/,,导演: 王家卫 Kar Wai Wong   主演: 张国荣 Leslie Cheung / 张曼玉 Maggie C... 1990 / 香港 / 犯罪 剧情 爱情  ,阿飞正传 /阿飛正傳,rMBP.lan,https://movie.douban.com/top250?start=175&filter=,,王家卫是一种风格，张国荣是一个代表。,doubantop250,156714,apple
,1999,8.7,2017-03-05 14:29:39.151625,https://movie.douban.com/subject/1300374/,,导演: Frank Darabont   主演: 汤姆·汉克斯 Tom Hanks / 大卫·摩斯 David M... 1999 / 美国 / 犯罪 剧情 奇幻 悬疑  ,绿里奇迹 /The Green Mile,rMBP.lan,https://movie.douban.com/top250?start=175&filter=,,天使暂时离开。,doubantop250,95252,apple
,1996,8.5,2017-03-05 14:29:39.156837,https://movie.douban.com/subject/1292728/,,导演: 迈克尔·贝 Michael Bay   主演: 肖恩·康纳利 Sean Connery / 尼古拉... 1996 / 美国 / 动作 冒险  ,勇闯夺命岛 /The Rock,rMBP.lan,https://movie.douban.com/top250?start=175&filter=,,类型片的极致。 ,doubantop250,129253,apple
,1996,8.6,2017-03-05 14:29:39.161835,https://movie.douban.com/subject/1307793/,,导演: 岩井俊二 Shunji Iwai   主演: 三上博史 / 恰拉 / 伊藤步 1996 / 日本 / 犯罪 剧情  ,燕尾蝶 /スワロウテイル,rMBP.lan,https://movie.douban.com/top250?start=175&filter=,,现实与童话交相辉映的旅程。,doubantop250,100503,apple
,2009,8.3,2017-03-05 14:29:39.167026,https://movie.douban.com/subject/3011051/,,导演: 克里斯托弗·史密斯 Christopher Smith   主演: 梅利莎·乔治 Melissa ... 2009 / 英国 澳大利亚 / 剧情 悬疑 惊悚  ,恐怖游轮 /Triangle,rMBP.lan,https://movie.douban.com/top250?start=175&filter=,,不要企图在重复中寻找已经失去的爱。,doubantop250,274181,apple
,2014,8.7,2017-03-05 14:29:39.171993,https://movie.douban.com/subject/24750126/,,导演: Damián Szifron   主演: 里卡杜·达林 Ricardo Darín / 艾丽卡·里瓦... 2014 / 阿根廷 西班牙 / 剧情 喜剧 犯罪,荒蛮故事 /Relatos salvajes,rMBP.lan,https://movie.douban.com/top250?start=175&filter=,,,doubantop250,107865,apple
,1960,8.8,2017-03-05 14:29:39.177289,https://movie.douban.com/subject/1293181/,,导演: Alfred Hitchcock   主演: Janet Leigh / Anthony Perkins / Vera Miles 1960 / 美国 / 悬疑 恐怖  ,惊魂记 /Psycho,rMBP.lan,https://movie.douban.com/top250?start=175&filter=,,故事的反转与反转，分裂电影的始祖。,doubantop250,71551,apple
,1942,8.6,2017-03-05 14:29:39.183497,https://movie.douban.com/subject/1296753/,,导演: Michael Curtiz   主演: 亨弗莱·鲍嘉 Humphrey Bogart / 英格丽·褒曼... 1942 / 美国 / 剧情 爱情 战争  ,卡萨布兰卡 /Casablanca,rMBP.lan,https://movie.douban.com/top250?start=175&filter=,,与同名歌曲无关。,doubantop250,111910,apple
,1989,8.4,2017-03-05 14:29:39.189212,https://movie.douban.com/subject/1307811/,,导演: 宫崎骏 Hayao Miyazaki   主演: 高山南 / 佐久间玲 / 山口胜平 1989 / 日本 / 动画 奇幻 冒险  ,魔女宅急便 /魔女の宅急便,rMBP.lan,https://movie.douban.com/top250?start=175&filter=,,宫崎骏的电影总让人感觉世界是美好的，阳光明媚的。,doubantop250,171454,apple
,2013,8.5,2017-03-05 14:29:39.194778,https://movie.douban.com/subject/6874403/,,导演: 约翰·卡尼 John Carney   主演: 凯拉·奈特莉 Keira Knightley / 马克... 2013 / 美国 / 喜剧 爱情 音乐  ,再次出发之纽约遇见你 /Begin Again,rMBP.lan,https://movie.douban.com/top250?start=175&filter=,,爱我就给我看你的播放列表。,doubantop250,142946,apple
,2013,8.6,2017-03-05 14:29:39.200250,https://movie.douban.com/subject/1793929/,,导演: 让-马克·瓦雷 Jean-Marc Vallée   主演: 马修·麦康纳 Matthew McCon... 2013 / 美国 / 剧情 传记 同性  ,达拉斯买家俱乐部 /Dallas Buyers Club,rMBP.lan,https://movie.douban.com/top250?start=175&filter=,,Jared Leto的腿比女人还美！,doubantop250,147726,apple
,2015,8.9,2017-03-05 14:29:39.206109,https://movie.douban.com/subject/25814707/,,导演: 森淳一 Junichi Mori   主演: 桥本爱 Ai Hashimoto / 三浦贵大 Takahir... 2015 / 日本 / 剧情,小森林 冬春篇 /リトル・フォレスト 冬・春,rMBP.lan,https://movie.douban.com/top250?start=175&filter=,,,doubantop250,90496,apple
,1996,8.4,2017-03-05 14:29:39.211386,https://movie.douban.com/subject/1291853/,,导演: 安东尼·明格拉 Anthony Minghella   主演: 拉尔夫·费因斯 Ralph Fien... 1996 / 美国 英国 / 爱情 剧情 战争  ,英国病人 /The English Patient,rMBP.lan,https://movie.douban.com/top250?start=175&filter=,,"In memory, love lives forever...",doubantop250,161410,apple
,2007,8.5,2017-03-05 14:29:39.217278,https://movie.douban.com/subject/2300586/,,导演: 理查德·沙因克曼 Richard Schenkman   主演: 大卫·李·史密斯 David ... 2007 / 美国 / 剧情 科幻  ,这个男人来自地球 /The Man from Earth,rMBP.lan,https://movie.douban.com/top250?start=175&filter=,,科幻真正的魅力不是视觉效果能取代的。 ,doubantop250,155854,apple
,1997,8.4,2017-03-05 14:29:39.222971,https://movie.douban.com/subject/1292659/,,导演: 吴宇森 John Woo   主演: 约翰·特拉沃尔塔 John Travolta / 尼古拉斯... 1997 / 美国 / 动作 科幻 犯罪  ,变脸 /Face/Off,rMBP.lan,https://movie.douban.com/top250?start=175&filter=,,当发哥的风衣、墨镜出现在了凯奇身上⋯⋯,doubantop250,195062,apple
,1953,9.2,2017-03-05 14:29:39.228602,https://movie.douban.com/subject/1291568/,,导演: 小津安二郎 Yasujirô Ozu   主演: 笠智众 Chishû Ryû / 原节... 1953 / 日本 / 剧情 家庭  ,东京物语 /東京物語,rMBP.lan,https://movie.douban.com/top250?start=175&filter=,,东京那么大，如果有一天走失了，恐怕一辈子不能再相见。,doubantop250,43236,apple
,1991,8.5,2017-03-05 14:29:39.234183,https://movie.douban.com/subject/1291844/,,导演: 詹姆斯·卡梅隆 James Cameron   主演: 阿诺·施瓦辛格 Arnold Schwarz... 1991 / 美国 法国 / 动作 科幻  ,终结者2：审判日 /Terminator 2: Judgment Day,rMBP.lan,https://movie.douban.com/top250?start=175&filter=,,少见的超越首部的续集，动作片中的经典。,doubantop250,126846,apple
,1997,8.8,2017-03-05 14:29:39.240045,https://movie.douban.com/subject/1395091/,,导演: 今敏 Satoshi Kon   主演: 岩男润子 Junko Iwao / 松本梨香 Rica Matsu... 1997 / 日本 / 动画 奇幻 惊悚  ,未麻的部屋 /Perfect Blue,rMBP.lan,https://movie.douban.com/top250?start=175&filter=,,好的剧本是，就算你猜到了结局也猜不到全部。,doubantop250,76943,apple
,2008,8.6,2017-03-05 14:29:39.246043,https://movie.douban.com/subject/4798888/,,导演: 彼得·维纳 Peter Werner   主演: 詹姆斯·沃克 James Wolk / 特里特·... 2008 / 美国 / 剧情 传记  ,叫我第一名 /Front of the Class,rMBP.lan,https://movie.douban.com/top250?start=175&filter=,,乐观比一切都有力量。,doubantop250,98124,apple
,1982,8.5,2017-03-05 14:29:39.251707,https://movie.douban.com/subject/1294638/,,导演: Steven Spielberg   主演: Henry Thomas / Dee Wallace / Robert MacNa... 1982 / 美国 / 剧情 科幻 奇幻 冒险  ,E.T. 外星人 /E.T.: The Extra-Terrestrial,rMBP.lan,https://movie.douban.com/top250?start=175&filter=,,生病的E.T.皮肤的颜色就像柿子饼。,doubantop250,136963,apple
,2012,8.5,2017-03-05 14:29:39.256962,https://movie.douban.com/subject/6307447/,,导演: 昆汀·塔伦蒂诺 Quentin Tarantino   主演: 杰米·福克斯 Jamie Foxx /... 2012 / 美国 / 剧情 动作 西部 冒险  ,被解救的姜戈 /Django Unchained,rMBP.lan,https://movie.douban.com/top250?start=175&filter=,,热血沸腾，那个低俗、性感的无耻混蛋又来了。,doubantop250,235381,apple
,1991,8.7,2017-03-05 14:29:39.262222,https://movie.douban.com/subject/1292329/,,导演: 杨德昌 Edward Yang   主演: 张震 Chen Chang / 杨静怡 Lisa Yang / 张... 1991 / 台湾 / 剧情 犯罪  ,牯岭街少年杀人事件 /牯嶺街少年殺人事件,rMBP.lan,https://movie.douban.com/top250?start=175&filter=,,弱者送给弱者的一刀。,doubantop250,89800,apple
,2014,8.6,2017-03-05 14:29:39.267679,https://movie.douban.com/subject/25773932/,,导演: 达米安·沙泽勒 Damien Chazelle   主演: 迈尔斯·特勒 Miles Teller /... 2014 / 美国 / 剧情 音乐,爆裂鼓手 /Whiplash,rMBP.lan,https://movie.douban.com/top250?start=175&filter=,,,doubantop250,202721,apple
,1991,8.7,2017-03-05 14:29:39.557239,https://movie.douban.com/subject/1291992/,,导演: 雷德利·斯科特 Ridley Scott   主演: 吉娜·戴维斯 Geena Davis / 苏... 1991 / 美国 法国 / 犯罪 剧情 惊悚  ,末路狂花 /Thelma & Louise,rMBP.lan,https://movie.douban.com/top250?start=200&filter=,,没有了退路，只好飞向自由。,doubantop250,90500,apple
,2001,8.3,2017-03-05 14:29:39.560722,https://movie.douban.com/subject/1292217/,,导演: 大卫·林奇 David Lynch   主演: 娜奥米·沃茨 Naomi Watts / 劳拉·哈... 2001 / 法国 美国 / 剧情 悬疑 惊悚  ,穆赫兰道 /Mulholland Dr.,rMBP.lan,https://movie.douban.com/top250?start=200&filter=,,大卫·林奇的梦境迷宫。,doubantop250,208300,apple
,1971,8.4,2017-03-05 14:29:39.563917,https://movie.douban.com/subject/1292233/,,导演: Stanley Kubrick   主演: Malcolm McDowell / Patrick Magee / Michael... 1971 / 英国 美国 / 犯罪 剧情 科幻  ,发条橙 /A Clockwork Orange,rMBP.lan,https://movie.douban.com/top250?start=200&filter=,,我完全康复了。,doubantop250,168173,apple
,1979,8.8,2017-03-05 14:29:39.567327,https://movie.douban.com/subject/1307315/,,导演: 严定宪 Dingxian Yan / 王树忱 Shuchen Wang   主演: 梁正晖 / 邱岳峰 ... 1979 / 中国大陆 / 冒险 动画 奇幻  ,哪吒闹海,rMBP.lan,https://movie.douban.com/top250?start=200&filter=,,想你时你在闹海。,doubantop250,69672,apple
,1987,9.0,2017-03-05 14:29:39.570581,https://movie.douban.com/subject/1959195/,,导演: Seijirô Kôyama   主演: 山本圭 Kei Yamamoto / 井川比佐志 Hisa... 1987 / 日本 / 剧情  ,忠犬八公物语 /ハチ公物語,rMBP.lan,https://movie.douban.com/top250?start=200&filter=,,养狗三日，便会对你终其一生。,doubantop250,47041,apple
,2011,8.3,2017-03-05 14:29:39.574467,https://movie.douban.com/subject/3075287/,,导演: 邓肯·琼斯 Duncan Jones   主演: 杰克·吉伦哈尔 Jake Gyllenhaal / ... 2011 / 美国 加拿大 / 剧情 动作 科幻 犯罪 惊悚  ,源代码 /Source Code,rMBP.lan,https://movie.douban.com/top250?start=200&filter=,,邓肯·琼斯继《月球》之后再度奉献出一部精彩绝伦的科幻佳作。,doubantop250,371482,apple
,1995,8.6,2017-03-05 14:29:39.578637,https://movie.douban.com/subject/1292214/,,导演: 布莱恩·辛格 Bryan Singer   主演: 史蒂芬·鲍德温 Stephen Baldwin /... 1995 / 德国 美国 / 剧情 犯罪 悬疑 惊悚  ,非常嫌疑犯 /The Usual Suspects,rMBP.lan,https://movie.douban.com/top250?start=200&filter=,,我不信仰上帝，但我敬畏上帝。,doubantop250,102950,apple
,2003,8.5,2017-03-05 14:29:39.583615,https://movie.douban.com/subject/1302467/,,导演: Andy Wachowski / Larry Wachowski   主演: Keanu Reeves / Laurence F... 2003 / 美国 澳大利亚 / 动作 科幻  ,黑客帝国3：矩阵革命 /The Matrix Revolutions,rMBP.lan,https://movie.douban.com/top250?start=200&filter=,,不得不说，《黑客帝国》系列是商业片与科幻、哲学完美结合的典范。,doubantop250,137078,apple
,1992,8.4,2017-03-05 14:29:39.588526,https://movie.douban.com/subject/1292287/,,导演: 李惠民 Raymond Lee   主演: 张曼玉 Maggie Cheung / 林青霞 Brigitte ... 1992 / 香港 中国大陆 / 剧情 动作 武侠 古装  ,新龙门客栈 /新龍門客棧,rMBP.lan,https://movie.douban.com/top250?start=200&filter=,,嬉笑怒骂，调风动月。,doubantop250,162610,apple
,1999,8.4,2017-03-05 14:29:39.591917,https://movie.douban.com/subject/1292062/,,导演: 萨姆·门德斯 Sam Mendes   主演: 凯文·史佩西 Kevin Spacey / 安妮特... 1999 / 美国 / 剧情 家庭  ,美国丽人 /American Beauty,rMBP.lan,https://movie.douban.com/top250?start=200&filter=,,每个人的内心都是深不可测的大海。 ,doubantop250,166159,apple
,1993,8.4,2017-03-05 14:29:39.596138,https://movie.douban.com/subject/1303394/,,导演: 徐克 Hark Tsui   主演: 张曼玉 Maggie Cheung / 王祖贤 Joey Wang / ... 1993 / 香港 / 剧情 奇幻 古装  ,青蛇,rMBP.lan,https://movie.douban.com/top250?start=200&filter=,,人生如此，浮生如斯。谁人言，花彼岸，此生情长意短。谁都是不懂爱的罢了。,doubantop250,192847,apple
,1966,9.1,2017-03-05 14:29:39.601378,https://movie.douban.com/subject/1401118/,,导演: Sergio Leone   主演: Clint Eastwood / Eli Wallach / Lee Van Cleef 1966 / 意大利 西班牙 西德 / 冒险 西部  ,"黄金三镖客 /Il buono, il brutto, il cattivo.",rMBP.lan,https://movie.douban.com/top250?start=200&filter=,,最棒的西部片。,doubantop250,44401,apple
,1980,8.6,2017-03-05 14:29:39.605680,https://movie.douban.com/subject/1297478/,,导演: Jamie Uys   主演: Marius Weyers / Sandra Prinsloo / N!xau 1980 / 博茨瓦纳 南非 / 喜剧  ,上帝也疯狂 /The Gods Must Be Crazy,rMBP.lan,https://movie.douban.com/top250?start=200&filter=,,纯净原始的笑与感动。,doubantop250,86680,apple
,2002,9.1,2017-03-05 14:29:39.609209,https://movie.douban.com/subject/1299361/,,导演: 李廷香 Jeong-hyang Lee   主演: 金艺芬 Eul-boon Kim / 俞承豪 Seung-... 2002 / 韩国 / 剧情 儿童 家庭  ,爱·回家 /집으로...,rMBP.lan,https://movie.douban.com/top250?start=200&filter=,,献给所有外婆的电影。,doubantop250,42418,apple
,2009,8.4,2017-03-05 14:29:39.613213,https://movie.douban.com/subject/1438652/,,导演: Quentin Tarantino   主演: 布拉德·皮特 Brad Pitt / 梅拉尼·罗兰 M... 2009 / 美国 德国 / 剧情 犯罪  ,无耻混蛋 /Inglourious Basterds,rMBP.lan,https://movie.douban.com/top250?start=200&filter=,,昆汀同学越来越变态了，比北野武还杜琪峰。,doubantop250,201201,apple
,2011,8.9,2017-03-05 14:29:39.617457,https://movie.douban.com/subject/3217169/,,导演: 加文·欧康诺 Gavin O'Connor   主演: 汤姆·哈迪 Tom Hardy / 乔尔·... 2011 / 美国 / 剧情 运动 家庭  ,勇士 /Warrior,rMBP.lan,https://movie.douban.com/top250?start=200&filter=,,热血沸腾，相当完美的娱乐拳击大餐。,doubantop250,78832,apple
,2010,8.2,2017-03-05 14:29:39.622166,https://movie.douban.com/subject/4739952/,,导演: Puttipong Promsaka Na Sakolnakorn / Wasin pokpong   主演: 马里奥·... 2010 / 泰国 / 喜剧 爱情  ,初恋这件小事 /สิ่งเล็กเล็กที่เรียกว่า...รัก,rMBP.lan,https://movie.douban.com/top250?start=200&filter=,,黑小鸭速效美白记。,doubantop250,412075,apple
,1931,9.2,2017-03-05 14:29:39.626355,https://movie.douban.com/subject/1293908/,,导演: Charles Chaplin   主演: 查理·卓别林 Charles Chaplin / 弗吉尼亚·... 1931 / 美国 / 喜剧 剧情 爱情  ,城市之光 /City Lights,rMBP.lan,https://movie.douban.com/top250?start=200&filter=,,永远的小人物，伟大的卓别林。,doubantop250,36564,apple
,2006,8.3,2017-03-05 14:29:39.630224,https://movie.douban.com/subject/2053515/,,导演: 约翰·卡尼 John Carney   主演: 格伦·汉塞德 Glen Hansard / 玛可塔... 2006 / 爱尔兰 / 剧情 音乐 爱情  ,曾经 /Once,rMBP.lan,https://movie.douban.com/top250?start=200&filter=,,有些幸福无关爱情。,doubantop250,187078,apple
,2002,8.2,2017-03-05 14:29:39.633667,https://movie.douban.com/subject/1308575/,,导演: 易智言 Chih-yen Yee   主演: 桂纶镁 Lunmei Kwai / 陈柏霖 Bo-lin Che... 2002 / 台湾 法国 / 剧情 爱情 同性  ,蓝色大门 /藍色大門,rMBP.lan,https://movie.douban.com/top250?start=200&filter=,,青春的窃窃私语。 ,doubantop250,251065,apple
,2001,8.5,2017-03-05 14:29:39.638270,https://movie.douban.com/subject/1302476/,,导演: 袁建滔 Toe Yuen   主演: 李晋纬 / 林海峰 Jan Lamb / 吴君如 Sandra Ng 2001 / 香港 / 剧情 喜剧 动画  ,麦兜故事 /麥兜故事,rMBP.lan,https://movie.douban.com/top250?start=200&filter=,,麦兜是一只很哲学的猪。 ,doubantop250,116204,apple
,2004,8.4,2017-03-05 14:29:39.643019,https://movie.douban.com/subject/1308777/,,导演: 米歇尔·冈瑞 Michel Gondry   主演: 金·凯瑞 Jim Carrey / 凯特·温... 2004 / 美国 / 剧情 爱情 奇幻  ,暖暖内含光 /Eternal Sunshine of the Spotless Mind,rMBP.lan,https://movie.douban.com/top250?start=200&filter=,,恋爱是一次神经的冒险。就算失去记忆，也会爱上你。,doubantop250,130720,apple
,2002,8.6,2017-03-05 14:29:39.651181,https://movie.douban.com/subject/1292056/,,导演: 菲利普·穆伊尔 Philippe Muyl   主演: 米歇尔·塞罗 Michel Serrault ... 2002 / 法国 / 剧情 儿童 喜剧  ,蝴蝶 /Le Papillon,rMBP.lan,https://movie.douban.com/top250?start=200&filter=,,我们长途跋涉寻找的东西，有可能一直就在身边。 ,doubantop250,88591,apple
,2012,8.7,2017-03-05 14:29:39.656129,https://movie.douban.com/subject/6534248/,,导演: 瑞奇·莫尔 Rich Moore   主演: 简·林奇 Jane Lynch / 约翰·C·赖利 ... 2012 / 美国 / 喜剧 动画 冒险  ,无敌破坏王 /Wreck-It Ralph,rMBP.lan,https://movie.douban.com/top250?start=200&filter=,,迪士尼和皮克斯拿错剧本的产物。,doubantop250,167896,apple
,1990,8.9,2017-03-05 14:29:39.662025,https://movie.douban.com/subject/1293764/,,导演: Kevin Costner   主演: Kevin Costner / Mary McDonnell / Graham Greene 1990 / 美国 / 冒险 剧情 西部  ,与狼共舞 /Dances with Wolves,rMBP.lan,https://movie.douban.com/top250?start=200&filter=,,充满诗意与情怀的史诗作品。 ,doubantop250,51566,apple
,2009,8.6,2017-03-05 14:29:39.961054,https://movie.douban.com/subject/3157605/,,导演: Laurent Tirard   主演: 马克西姆·戈达尔 Maxime Godart / 瓦莱丽·勒... 2009 / 法国 比利时 / 儿童 喜剧 家庭  ,巴黎淘气帮 /Le petit Nicolas,rMBP.lan,https://movie.douban.com/top250?start=225&filter=,,四百击的反面。,doubantop250,97322,apple
,2003,8.7,2017-03-05 14:29:39.965680,https://movie.douban.com/subject/1305725/,,导演: Alan Parker   主演: 凯文·史派西 Kevin Spacey / 凯特·温丝莱特 Kat... 2003 / 美国 德国 英国 / 剧情 犯罪 悬疑  ,大卫·戈尔的一生 /The Life of David Gale,rMBP.lan,https://movie.douban.com/top250?start=225&filter=,,捍卫人权只是信仰，一点不妨碍其行为的残忍。,doubantop250,74912,apple
,2007,8.5,2017-03-05 14:29:39.970906,https://movie.douban.com/subject/1867345/,,导演: 罗伯·莱纳 Rob Reiner   主演: 杰克·尼科尔森 Jack Nicholson / 摩根... 2007 / 美国 / 冒险 喜剧 剧情  ,遗愿清单 /The Bucket List,rMBP.lan,https://movie.douban.com/top250?start=225&filter=,,用剩余不多的时间，去燃烧整个生命。,doubantop250,110763,apple
,2010,8.3,2017-03-05 14:29:39.975594,https://movie.douban.com/subject/4023638/,,导演: 汤姆·霍珀 Tom Hooper   主演: 柯林·菲尔斯 Colin Firth / 杰弗里·... 2010 / 英国 澳大利亚 美国 / 剧情 传记 历史  ,国王的演讲 /The King's Speech,rMBP.lan,https://movie.douban.com/top250?start=225&filter=,,皇上无话儿。,doubantop250,305706,apple
,2006,8.5,2017-03-05 14:29:39.980496,https://movie.douban.com/subject/1428175/,,导演: Edward Zwick   主演: Leonardo DiCaprio / Jennifer Connelly / Djimo... 2006 / 美国 德国 / 剧情 惊悚 冒险  ,血钻 /Blood Diamond,rMBP.lan,https://movie.douban.com/top250?start=225&filter=,,每个美丽事物背后都是滴血的现实。,doubantop250,114007,apple
,1994,8.3,2017-03-05 14:29:39.987939,https://movie.douban.com/subject/1299327/,,导演: 尼尔·乔丹 Neil Jordan   主演: 布拉德·皮特 Brad Pitt / 汤姆·克鲁... 1994 / 美国 / 剧情 奇幻 惊悚  ,夜访吸血鬼 /Interview with the Vampire: The Vampire Chronicles,rMBP.lan,https://movie.douban.com/top250?start=225&filter=,,弥漫淡淡血腥气的优雅。,doubantop250,180301,apple
,2000,8.5,2017-03-05 14:29:39.992851,https://movie.douban.com/subject/1301171/,,导演: 盖·里奇 Guy Ritchie   主演: 布拉德·皮特 Brad Pitt / 本尼西奥·德... 2000 / 英国 美国 / 喜剧 犯罪  ,偷拐抢骗 /Snatch,rMBP.lan,https://movie.douban.com/top250?start=225&filter=,,典型盖·里奇式的英国黑色幽默黑帮片。,doubantop250,104491,apple
,2003,8.2,2017-03-05 14:29:39.998208,https://movie.douban.com/subject/1308817/,,导演: 杨·塞谬尔 Yann Samuell   主演: 吉约姆·卡内 Guillaume Canet / 玛... 2003 / 法国 比利时 / 喜剧 剧情 爱情  ,两小无猜 /Jeux d'enfants,rMBP.lan,https://movie.douban.com/top250?start=225&filter=,,"Love me, if you dare. ",doubantop250,294934,apple
,2007,8.3,2017-03-05 14:29:40.004178,https://movie.douban.com/subject/2365260/,,导演: 楚克‧萨克瑞科 Chukiat Sakveerakul   主演: 维特维斯特·海伦亚沃... 2007 / 泰国 / 剧情 爱情 同性 家庭  ,爱在暹罗 /รักแห่งสยาม,rMBP.lan,https://movie.douban.com/top250?start=225&filter=,,把爱放在心底，有爱就有希望。,doubantop250,205090,apple
,2000,8.4,2017-03-05 14:29:40.009288,https://movie.douban.com/subject/1298653/,,导演: 罗伯特·泽米吉斯 Robert Zemeckis   主演: 汤姆·汉克斯 Tom Hanks / ... 2000 / 美国 / 冒险 剧情  ,荒岛余生 /Cast Away,rMBP.lan,https://movie.douban.com/top250?start=225&filter=,,一个人的独角戏。,doubantop250,117439,apple
,1998,8.7,2017-03-05 14:29:40.014234,https://movie.douban.com/subject/1292218/,,导演: Walter Salles   主演: Fernanda Montenegro / Marília Pêra / Viní... 1998 / 巴西 法国 / 剧情  ,中央车站 /Central do Brasil,rMBP.lan,https://movie.douban.com/top250?start=225&filter=,,心灵救赎。,doubantop250,70363,apple
,2014,8.5,2017-03-05 14:29:40.020166,https://movie.douban.com/subject/10463953/,,导演: 莫腾·泰杜姆 Morten Tyldum   主演: 本尼迪克特·康伯巴奇 Benedict C... 2014 / 英国 美国 / 剧情 传记 战争 同性,模仿游戏 /The Imitation Game,rMBP.lan,https://movie.douban.com/top250?start=225&filter=,,,doubantop250,221626,apple
,2009,8.5,2017-03-05 14:29:40.025074,https://movie.douban.com/subject/3073124/,,导演: 邓肯·琼斯 Duncan Jones   主演: 山姆·洛克威尔 Sam Rockwell / 凯文... 2009 / 英国 / 剧情 科幻 悬疑  ,月球 /Moon,rMBP.lan,https://movie.douban.com/top250?start=225&filter=,,2009媲美《第九区》的又一部科幻神作。,doubantop250,127161,apple
,1997,8.7,2017-03-05 14:29:40.031373,https://movie.douban.com/subject/1300117/,,导演: 安德鲁·尼科尔 Andrew Niccol   主演: 伊桑·霍克 Ethan Hawke / 乌玛... 1997 / 美国 / 剧情 科幻  ,千钧一发 /Gattaca,rMBP.lan,https://movie.douban.com/top250?start=225&filter=,,一部能引人思考的科幻励志片。,doubantop250,71721,apple
,2005,8.4,2017-03-05 14:29:40.036231,https://movie.douban.com/subject/1309027/,,导演: 弗兰克·米勒 Frank Miller / 罗伯特·罗德里格兹 Robert Rodriguez   ... 2005 / 美国 / 动作 犯罪 惊悚  ,罪恶之城 /Sin City,rMBP.lan,https://movie.douban.com/top250?start=225&filter=,,权力不是来自枪和子弹，权力来自谎言。,doubantop250,129489,apple
,2006,8.2,2017-03-05 14:29:40.039787,https://movie.douban.com/subject/1862151/,,导演: 宁浩 Hao Ning   主演: 郭涛 Tao Guo / 刘桦 Hua Liu / 连晋 Teddy Lin 2006 / 中国大陆 香港 / 喜剧 犯罪  ,疯狂的石头,rMBP.lan,https://movie.douban.com/top250?start=225&filter=,,中国版《两杆大烟枪》。,doubantop250,272876,apple
,2011,8.8,2017-03-05 14:29:40.043430,https://movie.douban.com/subject/6146955/,,导演: 大卫·贾柏 David Gelb   主演: 小野二郎  Jiro Ono / 小野祯一 Yoshik... 2011 / 美国 / 纪录片  ,寿司之神 /Jiro Dreams of Sushi,rMBP.lan,https://movie.douban.com/top250?start=225&filter=,,仪式主义的狂欢，偏执狂的完胜。,doubantop250,71661,apple
,1999,8.6,2017-03-05 14:29:40.048078,https://movie.douban.com/subject/1300741/,,导演: 杜琪峰 Johnnie To   主演: 吴镇宇 Francis Ng / 任达华 Simon Yam / ... 1999 / 香港 / 剧情 动作 犯罪  ,枪火 /鎗火,rMBP.lan,https://movie.douban.com/top250?start=225&filter=,,一群演技精湛的戏骨，奉献出一个精致的黑帮小品，成就杜琪峰群戏的巅峰之作。,doubantop250,85455,apple
,2011,9.0,2017-03-05 14:29:40.052261,https://movie.douban.com/subject/5908478/,,导演: 秋昌民 Chang-min Choo   主演: 宋在河 Jae-ho Song / 李顺载 Soon-jae... 2011 / 韩国 / 剧情 爱情  ,我爱你 /그대를 사랑합니다,rMBP.lan,https://movie.douban.com/top250?start=225&filter=,,你要相信，这世上真的有爱存在，不管在什么年纪 ,doubantop250,47894,apple
,2013,8.7,2017-03-05 14:29:40.055953,https://movie.douban.com/subject/10808442/,,导演: 理查德·林克莱特 Richard Linklater   主演: 伊桑·霍克 Ethan Hawke ... 2013 / 美国 / 剧情 爱情  ,爱在午夜降临前 /Before Midnight,rMBP.lan,https://movie.douban.com/top250?start=225&filter=,,所谓爱情，就是话唠一路，都不会心生腻烦，彼此嫌弃。,doubantop250,98493,apple
,1995,8.5,2017-03-05 14:29:40.061240,https://movie.douban.com/subject/1293929/,,导演: Clint Eastwood   主演: Clint Eastwood / Meryl Streep / Annie Corley 1995 / 美国 / 剧情 爱情  ,廊桥遗梦 /The Bridges of Madison County,rMBP.lan,https://movie.douban.com/top250?start=225&filter=,,这样确切的爱，一生只有一次。,doubantop250,86158,apple
,2000,8.4,2017-03-05 14:29:40.067082,https://movie.douban.com/subject/1293530/,,导演: Ridley Scott   主演: Russell Crowe / Joaquin Phoenix / Connie Nielsen 2000 / 英国 美国 / 剧情 动作 历史 冒险  ,角斗士 /Gladiator,rMBP.lan,https://movie.douban.com/top250?start=225&filter=,,罗马斗兽场的鸦雀无声，久久停留在这样的肃穆中。,doubantop250,117448,apple
,2003,8.2,2017-03-05 14:29:40.073699,https://movie.douban.com/subject/1304073/,,导演: 郭在容 Jae-young Kwak   主演: 孙艺珍 Ye-jin Son / 曹承佑 Seung-woo... 2003 / 韩国 / 剧情 爱情  ,假如爱有天意 /클래식,rMBP.lan,https://movie.douban.com/top250?start=225&filter=,,琼瑶阿姨在韩国的深刻版。,doubantop250,207664,apple
,2001,8.5,2017-03-05 14:29:40.080163,https://movie.douban.com/subject/1291824/,,导演: 雷德利·斯科特 Ridley Scott   主演: 乔什·哈奈特 Josh Hartnett / ... 2001 / 美国 / 动作 历史 战争  ,黑鹰坠落 /Black Hawk Down,rMBP.lan,https://movie.douban.com/top250?start=225&filter=,,还原真实而残酷的战争。,doubantop250,96326,apple
,2004,8.4,2017-03-05 14:29:40.085139,https://movie.douban.com/subject/1316572/,,导演: 崔洋一 Yoichi Sai   主演: 小林薰 / 椎名桔平 / 香川照之 2004 / 日本 / 剧情  ,导盲犬小Q /クイール,rMBP.lan,https://movie.douban.com/top250?start=225&filter=,,宠物的意义在于化解人的孤独。,doubantop250,110412,apple
